orientador,departamento,unidade,centro,total_planos,total_vagas_remuneradas,areas_cnpq,codigos_projetos,editais,ids_oportunidades,titulos_planos
ABELARDO SILVA JUNIOR,INSTITUTO DE CIÊNCIAS BIOLÓGICAS E DA SAÚDE,ICBS,ICBS,2,0.0,Saúde Coletiva; Biotecnologia,PVCB4895-2026; PVCB4755-2026,Edital 01 Pibic Ufal 2026-2027; Edital 03 Pibiti Ufal 2026-2027,98379819; 98379994,Monitoramento sorológico da circulação do vírus Oropouche em Alagoas por meio de ELISA: subsídios para vigilância e resposta em saúde pública | Mapeamento e Avaliação Antigênica de Epítopos de Proteínas Estruturais do Vírus Oropouche
ADRIANA AVILA MOURA,FACULDADE DE MEDICINA,FAMED,FAMED,4,0.0,Medicina,PVFM4763-2026,Edital 01 Pibic Ufal 2026-2027,98379721; 98379723; 98379724; 98379725,"Coleta, organização e análise preliminar dos laudos anatomopatológicos de tuberculose extrapulmonar em Alagoas | Classificação anatomopatológica e estruturação da base de dados da tuberculose extrapulmonar para análise estatística | Assistência técnica à revisão sistemática e à organização dos dados sobre tuberculose extrapulmonar em Alagoas | Auxílio na análise descritiva e elaboração de relatórios preliminares sobre o perfil anatomopatológico e demográfico da tuberculose extrapulmonar"
ALESSANDRA ABEL BORGES,INSTITUTO DE CIÊNCIAS BIOLÓGICAS E DA SAÚDE,ICBS,ICBS,2,0.0,Microbiologia,PVCB5187-2026,Edital 01 Pibic Ufal 2026-2027,98380604; 98380609,"Perfil epidemiológico e investigação sorológica do histórico de infecção por Chikungunya em pacientes com quadro de linfedema e/ou linfangite crônico de membros inferiores atendidos no HUPAA | Pesquisa de anticorpos soroneutralizantes contra o vírus Chikungunya em amostras de soro de pacientes com quadro de linfedema crônico, suspeito de sequela tardia de chikungunya, atendidos no HUPAA."
ALEXANDRE URBAN BORBELY,INSTITUTO DE CIÊNCIAS BIOLÓGICAS E DA SAÚDE,ICBS,ICBS,2,4.0,Morfologia,PVCB5136-2026; PVCB5015-2026,Edital 01 Pibic Ufal 2026-2027; Edital 02 Pibic Ações Afirmativas Ufal 2026-2027,98380478; 98380522,Mudanças histológicas de placentas expostas a microplásticos de poliestireno ex vivo | Padronização do isolamento e cultura de células endoteliais placentárias para exposição a microplásticos in vitro
AMANDA LYS DOS SANTOS SILVA,INSTITUTO DE CIÊNCIAS BIOLÓGICAS E DA SAÚDE,ICBS,ICBS,3,3.0,Microbiologia,PICB5357-2026,Edital 01 Pibic Ufal 2026-2027,98380963; 98380981; 98381000,"BIOPROSPECÇÃO DE FUNGOS FILAMENTOSOS AQUÁTICOS EM ÁREAS DE MANGUEZAL EM MACEIÓ - AL | Potencial enzimático de fungos de manguezal e estratégias de divulgação científica em microbiologia ambiental | Estado da arte sobre fungos de manguezais: diversidade, ecologia e aplicações biotecnológicas"
ANA CLAUDIA MENDES MALHADO,INSTITUTO DE CIÊNCIAS BIOLÓGICAS E DA SAÚDE,ICBS,ICBS,2,0.0,Ecologia,PVCB4975-2026; PVCB4945-2026,Edital 03 Pibiti Ufal 2026-2027; Edital 01 Pibic Ufal 2026-2027,98380103; 98380163,Teatro Ambiental Interativo: Fantoches e Narrativas do Litoral ao Sertão para Educação Ambiental Infantil | Do Litoral ao Sertão: Animação e Inovação para a Educação Ambiental
ANA PAULA FERNANDES BARBOSA,FACULDADE DE MEDICINA,FAMED,FAMED,6,0.0,Medicina,PVFM4982-2026; PVFM4980-2026,Edital 02 Pibic Ações Afirmativas Ufal 2026-2027; Edital 01 Pibic Ufal 2026-2027,98380166; 98380167; 98380168; 98380169; 98380171; 98380172,"Coleta, organização e análise preliminar dos dados laboratoriais de detecção do HPV por DNA-PCR | Classificação dos genótipos de HPV e estruturação da base de dados para análise epidemiológica | Assistência técnica à coleta e organização de dados laboratoriais de DNA-HPV | Auxílio na análise epidemiológica preliminar e elaboração de relatórios científicos sobre os dados de DNA-HPV | Levantamento bibliográfico, organização metodológica e seleção dos estudos sobre rastreamento do câncer do colo do útero por DNA-HPV no SUS | Extração, análise e síntese das evidências científicas sobre a implementação do rastreamento por DNA-HPV no SUS"
ANDREA MARQUES VANDERLEI FREGADOLLI,FACULDADE DE MEDICINA,FAMED,FAMED,2,0.0,Educação,PVFM5414-2026,Edital 01 Pibic Ufal 2026-2027,98381072; 98381085,"Avaliação da Prontidão Educacional-Regulatória do Jogo “Rede de Proteção Contra Violência Vicária” por meio da metodologia MIREJ-IN® | Aplicação da metodologia MIREJ-IN® no jogo “Duas Casas, Um Coração” para análise de segurança, inclusão e adequação regulatória"
ANDREIA ESPINDOLA VIEIRA RIBEIRO,INSTITUTO DE CIÊNCIAS BIOLÓGICAS E DA SAÚDE,ICBS,ICBS,4,0.0,Odontologia,PVCB5585-2026,Edital 01 Pibic Ufal 2026-2027,98381708; 98381717; 98381727; 98381736,Identificar as principais alterações craniofaciais descritas em pacientes com Síndrome de Turner | Avaliar as principais condições orais identificadas na Síndrome de Turner | Investigar possíveis associações entre cariótipo e fenótipo craniofacial na Síndrome de Turner | Analisar os métodos diagnósticos utilizados nos estudos e Sintetizar as evidências científicas disponíveis para aplicação clínica interdisciplinar.
AUXILIADORA DAMIANNE PEREIRA VIEIRA DA COSTA E SILVA,FACULDADE DE MEDICINA,FAMED,FAMED,4,0.0,Medicina,PVFM4689-2026,Edital 01 Pibic Ufal 2026-2027,98379538; 98379540; 98379543; 98379544,"Execução da busca sistemática, gerenciamento de referências e triagem inicial de estudos sobre bronquiolite viral | Avaliação de elegibilidade na íntegra e extração padronizada de dados de estudos sobre bronquiolite viral | Avaliação do risco de viés e síntese das evidências sobre bronquiolite associada a rinovírus e vírus sincicial respiratório | Redação científica e disseminação dos resultados da revisão sistemática sobre bronquiolite viral"
CAROLINNE DE SALES MARQUES,INSTITUTO DE CIÊNCIAS BIOLÓGICAS E DA SAÚDE,ICBS,ICBS,4,4.0,Genética,PVCB5121-2026,Edital 01 Pibic Ufal 2026-2027,98380502; 98380506; 98380507; 98380509,"INVESTIGAÇÃO DA RELAÇÃO ENTRE O SNP RS13064994 DO GENE MASP1, A PROTEÍNA MBL E A OCORRÊNCIA DE HANSENÍASE EM ALAGOAS | IMPACTO DE SNPS DO GENE CHGB NA SUSCETIBILIDADE À HANSENÍASE: UMA ANÁLISE DE ASSOCIAÇÃO | Associação do SNP rs181206 no gene IL27 com a hanseníase e sua correlação com parâmetros funcionais | DETERMINANTES SOCIAIS DA SAÚDE, GENÉTICA E HANSENÍASE: ASSOCIAÇÃO DA COR/RAÇA, RENDA, ANCESTRALIDADE GENÉTICA E DO GENE IL12B (RS6871626) COM A HANSENÍASE EM UMA POPULAÇÃO DE ALAGOAS"
CLAUDIO FERNANDO RODRIGUES SORIANO,FACULDADE DE MEDICINA,FAMED,FAMED,2,0.0,Medicina,PVFM4867-2026,Edital 01 Pibic Ufal 2026-2027,98379931; 98379935,"Revisão integrativa: Seleção de estudos, agrupamento baseado em variáveis e síntese das evidências científicas. | Desenvolvimento da estratégia de busca, selecionar os artigos e leitura comparativa."
DANIEL LEITE GOES GITAI,INSTITUTO DE CIÊNCIAS BIOLÓGICAS E DA SAÚDE,ICBS,ICBS,4,4.0,Genética,PVCB5353-2026,Edital 01 Pibic Ufal 2026-2027,98380998; 98381009; 98381017; 98381022,Investigação Integrativa e Validação dos Alvos do miR-31-5p na Epileptogênese | Investigação Integrativa e Validação dos Alvos do miR-10b-5p na Epileptogênese | Investigação Sistêmica e Validação dos Alvos do miR-142-5p na Epileptogênese | Investigação Sistêmica e Validação dos Alvos do miR-451a na Epileptogênese
DANIELE GONCALVES BEZERRA,INSTITUTO DE CIÊNCIAS BIOLÓGICAS E DA SAÚDE,ICBS,ICBS,2,0.0,Medicina,PVCB5214-2026,Edital 01 Pibic Ufal 2026-2027,98380669; 98380675,"Análise estatística comparativa e sistematização de dados sobre o impacto de visitas ao laboratório de anatomia na educação básica | Apoio às ações educativas, organização de dados e análise estatística em atividades de vivência anatômica para estudantes do ensino médio e do 9º ano do ensino fundamental II"
DEBORA DE PAULA MICHELATTO,FACULDADE DE MEDICINA,FAMED,FAMED,3,3.0,Genética,PVFM5022-2026,Edital 01 Pibic Ufal 2026-2027,98380396; 98380399; 98380407,Caracterização sociodemográfica e genético-clínica em pacientes com Síndrome de Turner | Caracterização sociodemográfica e genético-clínica em pacientes com Síndrome de Marfan | Caracterização sociodemográfica e genético-clínica em pacientes com Neurofibromatose tipo 1
DIEGO DERMEVAL MEDEIROS DA CUNHA MATOS,FACULDADE DE MEDICINA,FAMED,FAMED,8,24.0,Educação,PVIC5525-2026; PVIC5508-2026,Edital 01 Pibic Ufal 2026-2027; Edital 03 Pibiti Ufal 2026-2027,98381332; 98381337; 98381339; 98381346; 98381290; 98381298; 98381302; 98381306,REVISÃO SISTEMÁTICA DA LITERATURA SOBRE FEEDBACK EM SISTEMAS TUTORES INTELIGENTES DESPLUGADOS | PERCEPÇÕES DE PROFESSORES SOBRE FEEDBACK NO ENSINO DE MATEMÁTICA NOS ANOS INICIAIS | DESIGN E DESENVOLVIMENTO DO MÓDULO DE FEEDBACK PARA SISTEMAS TUTORES INTELIGENTES DESPLUGADOS | AVALIAÇÃO DO MÓDULO DE FEEDBACK COM ESTUDANTES DO ENSINO FUNDAMENTAL DOS ANOS INICIAIS | AVALIAÇÃO PEDAGÓGICA DE QUESTÕES MATEMÁTICAS GERADAS POR LLMs LEVES PARA COMPETÊNCIAS BNCC DOS ANOS 4 E 5 | APOIO À COLETA DE DADOS DE USABILIDADE DO APLICATIVO EDUCACIONAL OFFLINE BASEADO EM LLMs LEVES | ANÁLISE COMPARATIVA DA QUALIDADE DE QUESTÕES GERADAS POR DIFERENTES LLMs LEVES EM CONTEXTO OFFLINE EDUCACIONAL | DOCUMENTAÇÃO TÉCNICA E ORGANIZAÇÃO DE DADOS DAS PESQUISAS SOBRE GERAÇÃO DE QUESTÕES COM LLMs LEVES EM CONTEXTO EDUCACIONAL OFFLINE
DIEGO FIGUEIREDO NOBREGA,FACULDADE DE MEDICINA,FAMED,FAMED,5,5.0,Saúde Coletiva; Odontologia,PVFM5532-2026; PVFM5522-2026,Edital 03 Pibiti Ufal 2026-2027; Edital 01 Pibic Ufal 2026-2027,98381606; 98381608; 98381331; 98381611; 98381617,Desigualdades em Saúde e Prevalência de Cárie Dentária em Crianças de 5 anos de idade em Alagoas | Associação entre cárie dentária e fatores sociodemográficos em adolescentes de Alagoas | Modelagem semântica e geração automatizada de indicadores de dengue no protótipo PegaSUS | Organização e harmonização de dados SINAN/DATASUS para o estudo de dengue no protótipo PegaSUS | Validação epidemiológica e análise exploratória de sinais de dengue no protótipo PegaSUS
EDUARDA CORREIA MORETTI,INSTITUTO DE CIÊNCIAS BIOLÓGICAS E DA SAÚDE,ICBS,ICBS,1,1.0,Medicina,PVCB4933-2026,Edital 01 Pibic Ufal 2026-2027,98380070,Tratamentos para sintomas vasomotores na perimenopausa: overview de revisões sistemáticas de ensaios clínicos randomizados
ELAINE FERNANDA DOS SANTOS,INSTITUTO DE CIÊNCIAS BIOLÓGICAS E DA SAÚDE,ICBS,ICBS,3,3.0,Educação,PVCB4791-2026; PVCB4713-2026,Edital 01 Pibic Ufal 2026-2027; Edital 02 Pibic Ações Afirmativas Ufal 2026-2027,98379609; 98381763; 98379784,ANÁLISE DE PROPOSTAS DIDÁTICAS COM TEMAS CONTROVERSOS NA FORMAÇÃO DOCENTE NO ENSINO DE CIÊNCIAS E BIOLOGIA | CONCEPÇÕES DE LICENCIANDOS EM CIÊNCIAS BIOLÓGICAS SOBRE TEMAS CONTROVERSOS E SUAS IMPLICAÇÕES PARA A FORMAÇÃO INICIAL | Inteligência Artificial generativa e personalização do ensino de Ciências e Biologia
EMILIANO DE OLIVEIRA BARRETO,INSTITUTO DE CIÊNCIAS BIOLÓGICAS E DA SAÚDE,ICBS,ICBS,2,4.0,Farmacologia,PVCB5335-2026,Edital 01 Pibic Ufal 2026-2027,98380915; 98380922,Caracterização do potencial anti-inflamatório do uvaol na resposta de monócitos estimulados por lipopolissacarídeo (LPS) in vitro | Investigar em células epiteliais A549 os efeitos do uvaol sobre a resposta pró-fibrótica in vitro
ENIO JOSE BASSI,INSTITUTO DE CIÊNCIAS BIOLÓGICAS E DA SAÚDE,ICBS,ICBS,2,2.0,Farmácia,PVCB5474-2026,Edital 01 Pibic Ufal 2026-2027,98381185; 98381200,Efeito de constituintes da própolis vermelha brasileira sobre vias de sinalização envolvidas na resposta inflamatória em macrófagos | Modulação da ativação e da resposta inflamatória de macrófagos humanos de perfil M1 por flavonoides da própolis vermelha brasileira
EWERTON AMORIM DOS SANTOS,FACULDADE DE MEDICINA,FAMED,FAMED,2,0.0,Medicina,PVFM5600-2026,Edital 01 Pibic Ufal 2026-2027,98381525; 98381528,Estimativa da Associação entre Distância Rodoviária e Taxa Municipal de Angioplastia Coronariana de Urgência em Alagoas | Avaliação de Confundidores na Associação entre Distância e Mortalidade por IAM Voltados à Atenção Primária
FERNANDA CRISTINA DE ALBUQUERQUE MARANHAO,INSTITUTO DE CIÊNCIAS BIOLÓGICAS E DA SAÚDE,ICBS,ICBS,3,0.0,Microbiologia,PVCB5433-2026; PVCB5660-2026,Edital 03 Pibiti Ufal 2026-2027; Edital 01 Pibic Ufal 2026-2027,98381734; 98381713; 98381747,Avaliação clínica da eficácia de dermocosmético micomedicinal em pacientes com psoríase vulgar | Desenvolvimento e validação laboratorial de formulação dermocosmética com cogumelo medicinal | Desenvolvimento e avaliação de blend dermocosmético micomedicinal com própolis vermelha de Alagoas
FERNANDO JOSE CAMELLO DE LIMA,INSTITUTO DE CIÊNCIAS BIOLÓGICAS E DA SAÚDE,ICBS,ICBS,3,0.0,Morfologia,PVCB4702-2026,Edital 01 Pibic Ufal 2026-2027,98379577; 98379579; 98379582,Modelagem preditiva da inclinação do plano de Bolton a partir de suturas craniofaciais | Comparação da inclinação do plano de Bolton entre sexos e tipos faciais. | Padronização morfométrica e confiabilidade das mensurações craniofaciais.
FRANCIEL BATISTA FELIX,INSTITUTO DE CIÊNCIAS BIOLÓGICAS E DA SAÚDE,ICBS,ICBS,1,1.0,Biologia Geral,PVCB5049-2026,Edital 01 Pibic Ufal 2026-2027,98380329,Efeito do triterpeno uval na capacidade eferocítica de macrófagos in vitro
FRANCISCO DE ASSIS COSTA,FACULDADE DE MEDICINA,FAMED,FAMED,6,6.0,Medicina,PVFM4723-2026; PVFM4712-2026,Edital 01 Pibic Ufal 2026-2027; Edital 02 Pibic Ações Afirmativas Ufal 2026-2027,98379605; 98379606; 98379607; 98379608; 98379631; 98379632,COORDENAÇÃO OPERACIONAL E GESTÃO DE BANCO DE DADOS EM ESTUDO DE COORTE SOBRE ANÁLISE DA ONDA DE PULSO NA GESTAÇÃO | ACOMPANHAMENTO LONGITUDINAL DE GESTANTES E REGISTRO DE DESFECHOS OBSTÉTRICOS EM ESTUDO DE ALTERAÇÕES VASCULARES NA GRAVIDEZ | REVISÃO DA LITERATURA E ANÁLISE BIOESTATÍSTICA DA ANÁLISE DA ONDA DE PULSO COMO PREDITOR DE PRÉ-ECLÂMPSIA | Avaliação da análise da onda de pulso em gestantes e sua associação com doenças hipertensivas da gestação | Identificação e análise dos principais biomarcadores vasculares não invasivos utilizados na predição precoce de pré-eclâmpsia | Análise crítica da aplicabilidade clínica dos biomarcadores vasculares não invasivos na predição de pré-eclâmpsia
GEORGE AZEVEDO LEMOS,INSTITUTO DE CIÊNCIAS BIOLÓGICAS E DA SAÚDE,ICBS,ICBS,4,4.0,Odontologia,PVCB5221-2026,Edital 01 Pibic Ufal 2026-2027,98380674; 98380681; 98380691; 98380696,"Impacto das fraturas faciais sobre os custos de saúde na perspectiva do SUS relacionados à assistência hospitalar em um período de 10 anos | Impacto das fraturas faciais sobre os custos de saúde na perspectiva do SUS relacionados à assistência ambulatorial em um período de 10 anos | Associações entre indicadores socioeconômicos, custos e frequência de procedimentos ambulatoriais e hospitalares relacionados as fraturas faciais | Impacto das fraturas faciais sobre os custos de saúde relacionados à assistência ambulatorial e hospitalar no Estado de Alagoas em um período de 10 anos"
GILBERTO COSTA JUSTINO,INSTITUTO DE CIÊNCIAS BIOLÓGICAS E DA SAÚDE,ICBS,ICBS,2,0.0,Botânica,PVCB5067-2026,Edital 01 Pibic Ufal 2026-2027,98380368; 98380374,Efeitos de microplásticos sobre a nodulação e o crescimento de plantas jovens de Inga Edulis (Mart.) (Fabaceae) | Efeitos de microplásticos sobre aspectos fisiológicos de plantas jovens de Inga Edulis (Mart.)
IRAMIRTON FIGUEREDO MOREIRA,FACULDADE DE MEDICINA,FAMED,FAMED,1,0.0,Medicina,PVFM5226-2026,Edital 01 Pibic Ufal 2026-2027,98380687,Avaliação da prevalência de alergias alimentares em crianças de idade pre-escolar e escolar acompanhados nos ambulatórios do Hospital Universitário Professor Alberto Antunes.
IVAN ROMERO RIVERA,FACULDADE DE MEDICINA,FAMED,FAMED,2,0.0,Medicina,PIFM5548-2026,Edital 01 Pibic Ufal 2026-2027,98381758; 98381759,"Compilação dos dados bibliográficos, organização e foco na análise da relação da Velocidade da Onda de Pulso e taxas de Fibrilação atrial pós-operatória e complicações renais após revascularização miocárdica | Aplicação de estratégias de busca bibliográfica, organização e foco na análise da relação da Velocidade da Onda de Pulso e mortalidade por todas as causas após revascularização miocárdica"
JAMYLLE NUNES DE SOUZA FERRO,INSTITUTO DE CIÊNCIAS BIOLÓGICAS E DA SAÚDE,ICBS,ICBS,2,2.0,Farmacologia,PVCB5331-2026,Edital 01 Pibic Ufal 2026-2027,98380916; 98380932,Estabelecimento das condições de transição epitélio-mesenquimal em linhagem de células de câncer de mama humano em modelo 3D | Estabelecimento das condições de transição epitélio-mesenquimal em linhagem de células de câncer de mama humano em modelo 2D
JOAO ALBERTO FARINELLI PANTALEAO,INSTITUTO DE CIÊNCIAS BIOLÓGICAS E DA SAÚDE,ICBS,ICBS,1,0.0,Zoologia,PVCB5064-2026,Edital 03 Pibiti Ufal 2026-2027,98380358,"O camarão ornamental NEOCARIDINA DAVIDI (Bouvier, 1904) como alternativa a modelos experimentais com animais vertebrados"
JOSE HUMBERTO BELMINO CHAVES,FACULDADE DE MEDICINA,FAMED,FAMED,1,0.0,Medicina,PVFM5539-2026,Edital 01 Pibic Ufal 2026-2027,98381369,Análise epidemiológica das pacientes com lesões precursoras e câncer de endométrio em Alagoas (1998–2026)
JOSINEIDE FRANCISCO SAMPAIO,FACULDADE DE MEDICINA,FAMED,FAMED,3,3.0,Saúde Coletiva,PVFM4795-2026,Edital 01 Pibic Ufal 2026-2027,98379794; 98379796; 98379800,"FUNDAMENTAÇÃO TEÓRICO-PEDAGÓGICA E PLANEJAMENTO DE OFICINAS DE LETRAMENTO EM SAÚDE SOBRE ALBINISMO | MOBILIZAÇÃO SOCIAL, RECRUTAMENTO E EXECUÇÃO DAS OFICINAS DE LETRAMENTO EM SAÚDE | PRODUÇÃO CIENTÍFICA E DISSEMINAÇÃO DOS RESULTADOS DAS OFICINAS DE LETRAMENTO EM SAÚDE SOBRE ALBINISMO"
JULIO CESAR DE OLIVEIRA SANTOS,INSTITUTO DE CIÊNCIAS BIOLÓGICAS E DA SAÚDE,ICBS,ICBS,1,0.0,Educação,PVCB5359-2026,Edital 01 Pibic Ufal 2026-2027,98380972,Abordagens de gênero e sexualidade em livros didáticos de Ciências da Natureza da EJA: uma análise das obras aprovadas no PNLD 2026
LUANA MARINA DE CASTRO MENDONCA,INSTITUTO DE CIÊNCIAS BIOLÓGICAS E DA SAÚDE,ICBS,ICBS,1,0.0,Zoologia,PVCB4802-2026,Edital 01 Pibic Ufal 2026-2027,98380943,Biodiversidade dos Ophiuroidea (Echinodermata) em placas de recrutamento no estuário do rio Vaza-Barris
LUCAS ANHEZINI DE ARAUJO,INSTITUTO DE CIÊNCIAS BIOLÓGICAS E DA SAÚDE,ICBS,ICBS,2,0.0,Biologia Geral,PVCB4985-2026; PVCB4978-2026,Edital 02 Pibic Ações Afirmativas Ufal 2026-2027; Edital 01 Pibic Ufal 2026-2027,98380170; 98380263,Avaliação neuroprotetora de fármacos reposicionados em modelos de Esclerose Lateral Amiotrófica em Drosophila melanogaster | Caracterização comportamental de modelos epilépticos de Drosophila melanogaster submetidos a estresse térmico
LUIZA ANTAS RABELO,INSTITUTO DE CIÊNCIAS BIOLÓGICAS E DA SAÚDE,ICBS,ICBS,4,4.0,Biotecnologia; Farmacologia,PVCB5623-2026; PVCB5594-2026,Edital 03 Pibiti Ufal 2026-2027; Edital 01 Pibic Ufal 2026-2027,98381520; 98381548; 98381563; 98381575,"Avaliação metabólica integrativa do 3-aminotriazole, um inibidor clássico da catálase, em modelo roedor de síndrome metabólica | Avaliação do potencial farmacológico do 3-aminotriazole, um inibidor clássico da catalase, na doença hepática gordurosa não alcoólica em modelo roedor para Síndrome Metabólica | Desenvolvimento de beberagem probiótica a base de Kombucha: caracterização preliminar e potenciais repercussões antioxidantes | Desenvolvimento de barra probiótica provinda do aproveitamento sustentável de resíduos de beberagens fermentadas"
MAGNA SUZANA ALEXANDRE MOREIRA,INSTITUTO DE CIÊNCIAS BIOLÓGICAS E DA SAÚDE,ICBS,ICBS,2,0.0,Farmácia,PVCB5372-2026,Edital 03 Pibiti Ufal 2026-2027,98380977; 98380980,Estudo do Extrato Etanólico e Frações das Flores de Gymnanthemum amygdalinum em Linhagem de Glioblastoma Humano U251 | Atividade Antitumor in vitro de 3-O-Metilquercetina e Luteolina Isoladas das Flores de Gymnanthemum amygdalinum frente a Células de Glioblastoma Humano U251
MANOEL ALVARO DE FREITAS LINS NETO,FACULDADE DE MEDICINA,FAMED,FAMED,2,0.0,Medicina,PVFM5141-2026,Edital 01 Pibic Ufal 2026-2027,98380514; 98380517,"Análise estatística e visualização de resultados em relação à remissão histológica definida pelo Índice de Nancy e desfechos clínicos na retocolite ulcerativa | Apoio metodológico, organização de dados e revisão crítica em relação à remissão histológica definida pelo Índice de Nancy e desfechos clínicos na retocolite ulcerativa"
MARCELO DUZZIONI,INSTITUTO DE CIÊNCIAS BIOLÓGICAS E DA SAÚDE,ICBS,ICBS,2,2.0,Farmacologia,PVCB5068-2026,Edital 01 Pibic Ufal 2026-2027,98380371; 98380376,Avaliação dos efeitos de derivados fenetilamínicos sobre alterações celulares induzidas por corticosterona em células SH-SY5Y | Investigação da resposta celular ao estresse oxidativo mediado por peróxido de hidrogênio em células SH-SY5Y tratadas com derivados fenetilamínicos
MARCIO AMORIM EFE,INSTITUTO DE CIÊNCIAS BIOLÓGICAS E DA SAÚDE,ICBS,ICBS,1,0.0,Ecologia,PVCB4785-2026,Edital 01 Pibic Ufal 2026-2027,98379769,Dinâmica espaço-temporal de aves limícolas migratórias em áreas urbanas da APA Costa dos Corais
MARCOS ANTONIO ELEUTERIO DA SILVA,FACULDADE DE MEDICINA,FAMED,FAMED,2,2.0,Saúde Coletiva,PVFM5400-2026,Edital 01 Pibic Ufal 2026-2027,98381107; 98381231,"Avaliação dos hábitos alimentares, atividade física e autopercepção de peso corporal em escolares brasileiros para a identificação de fatores ligados à obesidade coletados a partir da pesquisa nacional de saúde do escolar – PeNSE 2024. | Avaliação da saúde mental, saúde sexual e autopercepção corporal em escolares brasileiros para a identificação de fatores ligados ao sofrimento psíquico e à vulnerabilidade social a partir da pesquisa nacional de saúde do escolar – PeNSE 2024."
MARCOS VINICIUS CARNEIRO VITAL,INSTITUTO DE CIÊNCIAS BIOLÓGICAS E DA SAÚDE,ICBS,ICBS,6,6.0,Biologia Geral; Ecologia,PVCB5461-2026; PVCB5458-2026,Edital 03 Pibiti Ufal 2026-2027; Edital 01 Pibic Ufal 2026-2027,98381163; 98381165; 98381178; 98381183; 98381192; 98381197,Distribuição geográfica de espécies de Odonata: padrões e lacunas | Conhecimento acadêmico sobre espécies de Odonata: padrões e lacunas | História de vida e filogenias de Odonata: padrões e lacunas | Interesse popular sobre espécies de Odonata: padrões e lacunas | Jogos digitais modificáveis para o ensino de Biologia: Saúde | Jogos digitais modificáveis para o ensino de Biologia: Meio Ambiente
MARIA CLAUDIA DA SILVA,INSTITUTO DE CIÊNCIAS BIOLÓGICAS E DA SAÚDE,ICBS,ICBS,1,0.0,Saúde Coletiva,PVCB5083-2026,Edital 01 Pibic Ufal 2026-2027,98380389,Soroepidemiologia da doença de Chagas em idosos residentes no estado de Alagoas.
MARIA DANIELMA DOS SANTOS REIS,INSTITUTO DE CIÊNCIAS BIOLÓGICAS E DA SAÚDE,ICBS,ICBS,1,1.0,Morfologia,PVCB5038-2026,Edital 02 Pibic Ações Afirmativas Ufal 2026-2027,98380294,Avaliação do risco cardiovascular em pessoas transmasculinas em processo de hormonização cruzada
MARIA DAS GRACAS MONTE MELLO TAVEIRA,FACULDADE DE MEDICINA,FAMED,FAMED,1,0.0,Saúde Coletiva,PIFM5546-2026,Edital 01 Pibic Ufal 2026-2027,98381453,Transparência algorítmica e autonomia na tomada de decisão clínica mediada por Inteligência Artificial: revisão sistemática da literatura
MELISSA FONTES LANDELL,INSTITUTO DE CIÊNCIAS BIOLÓGICAS E DA SAÚDE,ICBS,ICBS,3,9.0,Microbiologia,PVCB4709-2026; PVCB4708-2026,Edital 03 Pibiti Ufal 2026-2027; Edital 01 Pibic Ufal 2026-2027,98379594; 98379597; 98379593,Prospecção de leveduras isoladas da Caatinga alagoana quanto à produção de enzimas | Prospecção de leveduras isoladas de manguezais alagoananos quanto à produção de enzimas | Efeito de leveduras oriundas de manguezais alagoanos na promoção do crescimento vegetal
MICHAEL FERREIRA MACHADO,FACULDADE DE MEDICINA,FAMED,FAMED,4,0.0,Saúde Coletiva,PVFM5250-2026; PVFM5166-2026; PVFM5162-2026,Edital 01 Pibic Ufal 2026-2027; Edital 02 Pibic Ações Afirmativas Ufal 2026-2027; Edital 03 Pibiti Ufal 2026-2027,98380559; 98380741; 98380750; 98380566,Determinantes sociais e desafios programáticos da coinfecção tuberculose/HIV no Sistema Único de Saúde | Geoprocessamento e análise espacial da coinfecção tuberculose/HIV nas Regiões de Saúde de Alagoas | Desenvolvimento de plataforma interativa para monitoramento epidemiológico da coinfecção tuberculose/HIV em Alagoas | Vigilância epidemiológica e distribuição espaço-temporal da tuberculose em Alagoas (2021-2025)
MICHELLE JACINTHA CAVALCANTE OLIVEIRA,FACULDADE DE MEDICINA,FAMED,FAMED,1,1.0,Medicina,PVFM5320-2026,Edital 01 Pibic Ufal 2026-2027,98380903,"Monitoramento, avaliação e registro de parâmetros hemodinâmicos e da segurança clínica em pacientes renais crônicos submetidos a exercício de força aguda pré-diálise."
MULLER RIBEIRO ANDRADE,INSTITUTO DE CIÊNCIAS BIOLÓGICAS E DA SAÚDE,ICBS,ICBS,8,8.0,Genética; Parasitologia,PVCB5543-2026; PVCB5110-2026; PVCB5103-2026,Edital 03 Pibiti Ufal 2026-2027; Edital 01 Pibic Ufal 2026-2027; Edital 02 Pibic Ações Afirmativas Ufal 2026-2027,98380421; 98380424; 98380434; 98380439; 98380453; 98381517; 98381519; 98380458,"Ecoepidemiologia da infecção por Toxoplasma gondii em populações humanas de Alagoas, Brasil. | Desenvolvimento e validação de instrumento integrado de notificação da toxoplasmose gestacional e congênita com abordagem em uma Só Saúde | Avaliação do manejo clínico-diagnóstico da toxoplasmose gestacional na Atenção Primária à Saúde em Alagoas | Avaliação do impacto das ações de Educação Permanente em Saúde na qualificação do manejo clínico e da vigilância da toxoplasmose gestacional e congênita em Alagoas | Perfil epidemiológico de pacientes diagnosticados e tratados para esquistossomose em municípios endêmicos do estado de Alagoas | Aperfeiçoamento de protocolo LAMP para detecção de Giardia duodenalis em amostras biológicas | Aperfeiçoamento de protocolo LAMP para detecção de Toxoplasma gondii em amostras biológicas | Associação entre perfis genotípicos dos genes CYP450 e ocorrência de efeitos adversos ao Praziquantel em pacientes tratados para esquistossomose em Alagoas"
NIDIA NOEMI FABRE,INSTITUTO DE CIÊNCIAS BIOLÓGICAS E DA SAÚDE,ICBS,ICBS,2,4.0,Ecologia,PVCB5079-2026,Edital 01 Pibic Ufal 2026-2027,98380398; 98380401,Fragmentação estrutural e modularidade de redes ecológicas de peixes sob condições extremas de estiagem em estuários tropicais | Estuarinização e reorganização da conectividade ecológica de assembleias de peixes sob extremos pluviométricos em estuários tropicais
ODAIR ALVES DA SILVA,INSTITUTO DE CIÊNCIAS BIOLÓGICAS E DA SAÚDE,ICBS,ICBS,1,0.0,Saúde Coletiva,PVCB5229-2026,Edital 01 Pibic Ufal 2026-2027,98380703,Perfil Epidemiológico e Tendências de Uso dos Agonistas do Receptor de GLP-1 no Brasil: Análise de Dados do SNGPC
OLAGIDE WAGNER DE CASTRO,INSTITUTO DE CIÊNCIAS BIOLÓGICAS E DA SAÚDE,ICBS,ICBS,8,24.0,Fisiologia,PVCB4778-2026; PVCB4786-2026,Edital 03 Pibiti Ufal 2026-2027; Edital 01 Pibic Ufal 2026-2027,98379750; 98379754; 98379760; 98379762; 98379771; 98380038; 98380057; 98380062,Avaliação da toxicidade e dos efeitos no health index induzidos após a exposição ao crack em Galleria mellonella | Padronização a análise de hemócitos por citometria de fluxo em G. mellonella como ferramenta para avaliação de respostas imunológicas | Efeitos da exposição ao crack sobre o comportamento locomotor e a resposta à luz em G. mellonella. | Efeitos da exposição ao crack sobre o equilíbrio redox em larvas de G. mellonella. | Avaliação dos efeitos no Health Index Scoring System induzidos após a exposição ao vapor de cigarro eletrônico em Galleria mellonella | Avaliação da toxicidade após a exposição ao vapor de cigarro eletrônico em Galleria mellonella | Efeitos da exposição ao cigarro eletrônico sobre o comportamento locomotor e a resposta à luz em G. mellonella. | Efeitos da exposição ao vapor de cigarro eletrônico induz alterações em mediadores relacionados ao estresse oxidativo em G. mellonella.
OLAVO BARBOSA DE OLIVEIRA NETO,INSTITUTO DE CIÊNCIAS BIOLÓGICAS E DA SAÚDE,ICBS,ICBS,4,0.0,Odontologia,PVCB4877-2026,Edital 01 Pibic Ufal 2026-2027,98380335; 98380336; 98380337; 98380340,"PREVALÊNCIA DE SEPTOS NO SEIO MAXILAR EM TOMOGRAFIAS COMPUTADORIZADAS DE FEIXE CÔNICO: UMA REVISÃO SISTEMÁTICA COM METANÁLISE - Parte 1: Determinação da viabilidade do tema, criação dos algoritmos de buscas e registro do protocolo | PREVALÊNCIA DE SEPTOS NO SEIO MAXILAR EM TOMOGRAFIAS COMPUTADORIZADAS DE FEIXE CÔNICO: UMA REVISÃO SISTEMÁTICA COM METANÁLISE: Parte 2: Realização da busca e seleção de artigos elegíveis e avaliação do risco de viés | PREVALÊNCIA DE SEPTOS NO SEIO MAXILAR EM TOMOGRAFIAS COMPUTADORIZADAS DE FEIXE CÔNICO: UMA REVISÃO SISTEMÁTICA COM METANÁLISE - Parte 3: Extração dos dados dos artigos incluídos | PREVALÊNCIA DE SEPTOS NO SEIO MAXILAR EM TOMOGRAFIAS COMPUTADORIZADAS DE FEIXE CÔNICO: UMA REVISÃO SISTEMÁTICA COM METANÁLISE - Parte 4: Execução da metanálise e escrita do manuscrito"
PRISCILA NUNES DE VASCONCELOS,FACULDADE DE MEDICINA,FAMED,FAMED,2,0.0,Saúde Coletiva,PIFM5520-2026,Edital 01 Pibic Ufal 2026-2027,98381359; 98381379,Associação entre a autopercepção da saúde e o consumo de alimentos ultraprocessados em mulheres participantes do VIGITEL 2024 | Associação entre a autopercepção da saúde e o consumo de bebida alcoolica em mulheres participantes do VIGITEL 2024
REGIANNE UMEKO KAMIYA,INSTITUTO DE CIÊNCIAS BIOLÓGICAS E DA SAÚDE,ICBS,ICBS,7,7.0,Medicina; Microbiologia,PVCB5576-2026; PVCB5515-2026; PVCB5538-2026,Edital 03 Pibiti Ufal 2026-2027; Edital 02 Pibic Ações Afirmativas Ufal 2026-2027; Edital 01 Pibic Ufal 2026-2027,98381472; 98381489; 98381501; 98381308; 98381326; 98381340; 98381366,"Própolis Vermelha integrada aos Cuidados em Saúde dos pacientes com Epidermólise Bolhosa em Alagoas: avaliação de longitudinal de parâmetros clínico nutricional, de imunidade e qualidade de vida | Própolis Vermelha integrada aos Cuidados em Saúde dos pacientes com Epidermólise Bolhosa em Alagoas: caracterização do microbioma cutâneo | Própolis Vermelha integrada aos Cuidados em Saúde dos pacientes com Epidermólise Bolhosa em Alagoas: caracterização do microbioma intestinal | Própolis Vermelha integrada aos Cuidados em Saúde dos pacientes com Epidermólise Bolhosa em Alagoas: atividade antimicrobiana de curativos dérmicos desenvolvidos  com própolis vermelha sobre bactérias Gram-positivas, isoladas de pacientes com EB | Própolis Vermelha integrada aos Cuidados em Saúde dos pacientes com Epidermólise Bolhosa em Alagoas: atividade antimicrobiana de curativos dérmicos desenvolvidos com própolis vermelha sobre bactérias Gram-negativas, isoladas de pacientes com EB | Própolis Vermelha integrada aos Cuidados em Saúde dos pacientes com Epidermólise Bolhosa em Alagoas: atividade antibiofilme de curativos dérmicos desenvolvidos com própolis vermelha sobre leveduras isoladas de pacientes com EB | Própolis Vermelha integrada aos Cuidados em Saúde dos pacientes com Epidermólise Bolhosa em Alagoas: atividade citotóxica de nanoprodutos dérmicos com própolis vermelha sobre células epiteliais e macrófagos in vitro"
RICHARD JAMES LADLE,INSTITUTO DE CIÊNCIAS BIOLÓGICAS E DA SAÚDE,ICBS,ICBS,3,3.0,Ecologia,PVCB4967-2026; PVCB4954-2026,Edital 01 Pibic Ufal 2026-2027; Edital 03 Pibiti Ufal 2026-2027,98380118; 98380140; 98380146,Linha de base como estratégia de conservação para a APA Costa dos Corais | Design Pedagógico para Educação Ambiental: Cartilhas e Livros Autorais para o projeto Mar à Vista! | Integração de Dados Ecológicos e Documentais na APACC: Metodologia Replicável para Conservação
ROBSON GUIMARAES DOS SANTOS,INSTITUTO DE CIÊNCIAS BIOLÓGICAS E DA SAÚDE,ICBS,ICBS,2,2.0,Ecologia,PVCB4887-2026,Edital 01 Pibic Ufal 2026-2027,98380007; 98380628,Microplásticos em espécies de importância comercial no Arquipélago de São Pedro e São Paulo | Ecologia trófica de espécies pelágicas no Arquipélago de São Pedro e São Paulo
ROSSANA TEOTONIO DE FARIAS MOREIRA,FACULDADE DE MEDICINA,FAMED,FAMED,4,4.0,Medicina,PVFM5453-2026,Edital 01 Pibic Ufal 2026-2027,98381150; 98381164; 98381174; 98381187,"Avaliação da espessura miometrial residual após histerotomia: impacto das técnicas de sutura uterina | Avaliação da Incidência, Morfologia e Evolução Clínica de Nichos Uterinos após Histerotomia: Sutura Farpada versus Convencional | Identificação de estudos e extração, análise e processamento de desfechos intraoperatórios na comparação entre suturas farpadas e convencionais em histerotomias | Impacto das suturas farpadas versus convencionais nos desfechos clínicos após histerotomia"
TAMI MOTT,INSTITUTO DE CIÊNCIAS BIOLÓGICAS E DA SAÚDE,ICBS,ICBS,5,10.0,Zoologia,PVCB4849-2026; PVCB5188-2026,Edital 01 Pibic Ufal 2026-2027; Edital 03 Pibiti Ufal 2026-2027,98379902; 98379953; 98380516; 98380608; 98380679,"Integrando dados morfológicos e moleculares para desvendar a identidade taxonômica de Tantilla cf. melanocephala de Alagoas | Phyllodytes edelmoi Peixoto, Caramaschi e Freire, 2003 é uma espécie válida? Caracterização morfológica do girino e determinação da distância genética com sua espécie irmã | Integrando dados morfológicos e moleculares para desvendar a identidade taxonômica de Oxybelis cf. aeneus de Alagoas | Audiodescrição e impressão em braille: promovendo a inclusão de pessoas com deficiência visual na Exposição Zoológica Itinerante | Som em vibração: promovendo a acessibilidade de pessoas com deficiência auditiva na Exposição Zoológica Itinerante"
THAIS FERNANDA DE CAMPOS FRAGA DA SILVA,INSTITUTO DE CIÊNCIAS BIOLÓGICAS E DA SAÚDE,ICBS,ICBS,1,0.0,Imunologia,PVCB5196-2026,Edital 03 Pibiti Ufal 2026-2027,98380702,Padronização de protocolos operacionais padrões para a avaliação fisiológica e comportamental de larvas de GALLERIA MELLONELLA infectadas com CANDIDA ALBICANS
VANDICK DA SILVA BATISTA,INSTITUTO DE CIÊNCIAS BIOLÓGICAS E DA SAÚDE,ICBS,ICBS,3,6.0,Ecologia,PVCB5614-2026; PVCB5651-2026,Edital 01 Pibic Ufal 2026-2027; Edital 03 Pibiti Ufal 2026-2027,98381541; 98381544; 98381627,Atributos bioecológicos de Anomalocardia flexuosa explotada por marisqueiras: o litoral da APACC | Atributos bioecológicos de Tivela mactroides explotada por marisqueiras: o litoral da APACC | A gestão em áreas protegidas no Brasil – Parte II: o componente sociocultural em APs de uso direto
VANESSA DORO ABDALLAH KOZLOWISKI,INSTITUTO DE CIÊNCIAS BIOLÓGICAS E DA SAÚDE,ICBS,ICBS,1,0.0,Parasitologia,PVCB5065-2026,Edital 03 Pibiti Ufal 2026-2027,98380362,Contaminação do solo por enteroparasitos e sua associação com fatores socioambientais nas mesorregiões de Alagoas: uma abordagem em Saúde Única.
WAGNNER JOSE NASCIMENTO PORTO,INSTITUTO DE CIÊNCIAS BIOLÓGICAS E DA SAÚDE,ICBS,ICBS,4,4.0,Parasitologia,PVCB5368-2026; PVCB5363-2026,Edital 01 Pibic Ufal 2026-2027; Edital 03 Pibiti Ufal 2026-2027,98381431; 98381468; 98381077; 98381089,"Levantamento de gastrópodes aquáticos de importância médica em áreas urbanas colapsadas em Maceió, Alagoas | Levantamento de gastrópodes terrestres de importância médica em áreas urbanas colapsadas em Maceió, Alagoas | Detecção de DNA de Schistosoma mansoni em coleções hídricas localizadas em áreas endêmicas para esquistossomose em Alagoas | Análise malacológica em áreas endêmicas para esquistossomose no estado de Alagoas"
