entity_type,entity_id,tfidf_similarity,lsa_similarity,bm25_similarity,combined_score,cluster_id,x,y,analyzed_at
opportunity,98379538,0.11253202002566308,0.4210202635057053,0.5816717838406357,0.7620347713274632,0,-0.13913207426823831,-0.06576321015508262,2026-09-04T06:34:12+00:00
opportunity,98379540,0.10353931620305765,0.37894256180681346,0.35105570220847737,0.5443625730994153,0,-0.13913207426823831,-0.06576321015508262,2026-09-04T06:34:12+00:00
opportunity,98379543,0.09122948900673267,0.37510371557776173,0.3261513198546344,0.5585203876495626,0,-0.13913207426823831,-0.06576321015508262,2026-09-04T06:34:12+00:00
opportunity,98379544,0.0956764150642083,0.44837844135808,0.315366701353647,0.522027202720272,0,-0.13913207426823831,-0.06576321015508262,2026-09-04T06:34:12+00:00
opportunity,98379577,0.07725960319265167,0.26044444016914053,0.2847018647461829,0.3376684006936108,0,-0.02738992363265183,0.0074512782616177,2026-09-04T06:34:12+00:00
opportunity,98379579,0.07084708722440941,0.2540278564080134,0.19399544222283238,0.29743878906990595,0,-0.02738992363265183,0.0074512782616177,2026-09-04T06:34:12+00:00
opportunity,98379582,0.05795637548764936,0.318210551425694,0.0317023007997289,0.27571555433068456,0,-0.02738992363265183,0.0074512782616177,2026-09-04T06:34:12+00:00
opportunity,98379593,0.05990895876835589,0.3267240048230755,0.0779989985427925,0.28955092159562956,4,0.05981290269172112,0.1602721369310507,2026-09-04T06:34:12+00:00
opportunity,98379594,0.062133745324037704,0.2088301735993059,0.09048671854083203,0.2740548667945152,4,0.02199553279236319,0.1407216903319394,2026-09-04T06:34:12+00:00
opportunity,98379597,0.060279992700989785,0.20123740136726279,0.09526339812172219,0.27282349874226486,4,0.02199553279236319,0.1407216903319394,2026-09-04T06:34:12+00:00
opportunity,98379605,0.08129482445622327,0.43628154382870893,0.19307384228287247,0.49208313177424845,0,-0.08724505994374535,-0.08376398805424976,2026-09-04T06:34:12+00:00
opportunity,98379606,0.07467940286124947,0.39591235471697744,0.21597790496926092,0.3495771519476525,0,-0.08724505994374535,-0.08376398805424976,2026-09-04T06:34:12+00:00
opportunity,98379607,0.15374061533333327,0.4801364989444924,0.6719680665530339,0.7244363929146538,0,-0.08724505994374535,-0.08376398805424976,2026-09-04T06:34:12+00:00
opportunity,98379608,0.09369381561874196,0.3584010887201025,0.27827132622776757,0.5384854940410496,0,-0.08724505994374535,-0.08376398805424976,2026-09-04T06:34:12+00:00
opportunity,98379609,0.08267653899155197,0.329082486816249,0.10710169502270003,0.40852545487126596,8,-0.14871706132017257,0.18332141877644229,2026-09-04T06:34:12+00:00
opportunity,98379631,0.0912285308026734,0.3380923673176198,0.27013351364800625,0.6927297837410198,0,-0.04163861198834383,-0.07834182957181123,2026-09-04T06:34:12+00:00
opportunity,98379632,0.10746728876426104,0.36574992824214675,0.36342733941194666,0.7273693568336425,0,-0.04163861198834383,-0.07834182957181123,2026-09-04T06:34:12+00:00
opportunity,98379721,0.13246194112142076,0.5291976435306378,0.508143487573919,0.5975300625300627,5,-0.20289345825486022,-0.11963236406297043,2026-09-04T06:34:12+00:00
opportunity,98379723,0.14779637220831665,0.5073121030353207,0.5639525472624352,0.6518946586595447,5,-0.20289345825486022,-0.11963236406297043,2026-09-04T06:34:12+00:00
opportunity,98379724,0.14552863469410238,0.6209034561692613,0.5790226880592027,0.8567961746248396,5,-0.20289345825486022,-0.11963236406297043,2026-09-04T06:34:12+00:00
opportunity,98379725,0.12940831029122263,0.5628595193088308,0.4103830213995954,0.6393867770816284,5,-0.20289345825486022,-0.11963236406297043,2026-09-04T06:34:12+00:00
opportunity,98379750,0.06957798977895698,0.293467990352926,0.03255118142422426,0.35842246187073773,1,0.22299965060070048,0.06245438225507759,2026-09-04T06:34:12+00:00
opportunity,98379754,0.08885693488477947,0.3386340180636861,0.09895630296335048,0.3958515363331877,1,0.22299965060070048,0.06245438225507759,2026-09-04T06:34:12+00:00
opportunity,98379760,0.06617671268538565,0.2701929872650089,0.03243004975777206,0.4028179393880977,1,0.22299965060070048,0.06245438225507759,2026-09-04T06:34:12+00:00
opportunity,98379762,0.07291762686937821,0.2888393339935644,0.08114877961411761,0.3298463779220465,1,0.22299965060070048,0.06245438225507759,2026-09-04T06:34:12+00:00
opportunity,98379769,0.0519221533811595,0.21005833223592404,0.01486537935568957,0.28264664356308555,3,-0.00450940750767182,0.1593967119185788,2026-09-04T06:34:12+00:00
opportunity,98379771,0.0552167250537801,0.26492449032695126,0.0,0.403668800294073,1,0.23372607226562916,0.08282902139128338,2026-09-04T06:34:12+00:00
opportunity,98379784,0.11305708015367646,0.4817011735736444,0.5157329405584501,0.688047138047138,8,-0.15484179810534549,0.18299661692555025,2026-09-04T06:34:12+00:00
opportunity,98379794,0.12373243865563358,0.4296184160989723,0.53392569908631,0.7375816993464052,8,-0.1784912190099487,0.00594600879788364,2026-09-04T06:34:12+00:00
opportunity,98379796,0.11625522223915785,0.40429684271318256,0.4765470385167405,0.5752992190673999,8,-0.1784912190099487,0.00594600879788364,2026-09-04T06:34:12+00:00
opportunity,98379800,0.1210286185789575,0.4455024348393615,0.5174268545803805,0.6948821950041565,8,-0.1784912190099487,0.00594600879788364,2026-09-04T06:34:12+00:00
opportunity,98379819,0.08842727107039837,0.36376074470080183,0.2446250020286873,0.5695415695415695,6,0.026039651127500528,-0.14448981485926943,2026-09-04T06:34:12+00:00
opportunity,98379902,0.048460071686503,0.217957955782051,0.029036002699114393,0.2621084692287224,3,0.021799154088570916,0.05672034358489402,2026-09-04T06:34:12+00:00
opportunity,98379931,0.09564155528118153,0.36021122789828214,0.16890584001896106,0.49421296296296297,0,-0.09871896253249307,-0.03175712585712977,2026-09-04T06:34:12+00:00
opportunity,98379935,0.0838393857393142,0.3240656840457539,0.39868043399074665,0.41058699115800423,0,-0.09871896253249307,-0.03175712585712977,2026-09-04T06:34:12+00:00
opportunity,98379953,0.053593476880215166,0.23511880366916105,0.13378590590579653,0.2863276364181517,3,0.021799154088570916,0.05672034358489402,2026-09-04T06:34:12+00:00
opportunity,98379994,0.09584811083458569,0.4101964785333992,0.28412149260921304,0.4682007118177331,6,0.049173125064917576,-0.09368602668378716,2026-09-04T06:34:12+00:00
opportunity,98380007,0.06189087941771888,0.23482925755876738,0.04120323563403663,0.2661784846682036,3,0.01061990733729162,0.16507923427672647,2026-09-04T06:34:12+00:00
opportunity,98380038,0.10764877370877776,0.344580900988494,0.4187078555074234,0.7465747702589807,1,0.23372607226562916,0.08282902139128338,2026-09-04T06:34:12+00:00
opportunity,98380057,0.06291678247187316,0.27067742316613386,0.0,0.35463601646728143,1,0.23372607226562916,0.08282902139128338,2026-09-04T06:34:12+00:00
opportunity,98380062,0.06431914872592884,0.27918358936181714,0.09315054377227071,0.31727205610926545,1,0.23372607226562916,0.08282902139128338,2026-09-04T06:34:12+00:00
opportunity,98380070,0.07728316342106809,0.541179651444533,0.14464830795849132,0.5641196581196581,0,-0.02369200627708205,-0.04702853788396431,2026-09-04T06:34:12+00:00
opportunity,98380103,0.07655599715643521,0.27330675475535,0.09221767543272044,0.38112181699138226,8,-0.16147391925258045,0.24791237398128763,2026-09-04T06:34:12+00:00
opportunity,98380118,0.06095934476142119,0.27518770041705354,0.05082149703909927,0.29777175716236015,3,-0.046919669594055406,0.20066333649765436,2026-09-04T06:34:12+00:00
opportunity,98380140,0.06031792006695333,0.27598674053375993,0.07815817995488374,0.2957211289564265,8,-0.18542493958593592,0.21699457018394758,2026-09-04T06:34:12+00:00
opportunity,98380146,0.10467864322646911,0.4085865284875887,0.3351578612261014,0.613999729212201,8,-0.18542493958593592,0.21699457018394758,2026-09-04T06:34:12+00:00
opportunity,98380163,0.06392554176771402,0.296131547500657,0.07974198030712391,0.30097673558645577,8,-0.12530499091339994,0.18946331712748746,2026-09-04T06:34:12+00:00
opportunity,98380166,0.11125863239833085,0.5563124492915366,0.3500719218755302,0.6396489858997605,5,-0.1984583878637044,-0.15538002014620386,2026-09-04T06:34:12+00:00
opportunity,98380167,0.17558802466626344,0.5911991595158292,0.7240543673596317,0.7397463949320663,5,-0.1984583878637044,-0.15538002014620386,2026-09-04T06:34:12+00:00
opportunity,98380168,0.11865884556828682,0.5158922581484146,0.3946691242800951,0.5127056237375449,5,-0.1984583878637044,-0.15538002014620386,2026-09-04T06:34:12+00:00
opportunity,98380169,0.132580066534972,0.5504314779333265,0.4080737244452253,0.596892472532901,5,-0.1984583878637044,-0.15538002014620386,2026-09-04T06:34:12+00:00
opportunity,98380170,0.08747927010509227,0.3273559201100346,0.12422272457890068,0.44539395175999946,1,0.18222737040678263,0.05328679349273224,2026-09-04T06:34:12+00:00
opportunity,98380171,0.09211041155593325,0.38332900511143164,0.34883642013526484,0.5118573407503347,5,-0.16136987462220878,-0.12200568024424456,2026-09-04T06:34:12+00:00
opportunity,98380172,0.10670409262813901,0.4339738077049309,0.2626710286570473,0.5190461955956185,5,-0.16136987462220878,-0.12200568024424456,2026-09-04T06:34:12+00:00
opportunity,98380263,0.0756921653442504,0.3098992575543816,0.12685282049831784,0.4316755793226382,1,0.1451126891599535,0.04395710996849076,2026-09-04T06:34:12+00:00
opportunity,98380294,0.11590359960993582,0.4425362597827387,0.26406811622599397,0.730350560099664,0,-0.02790781170726181,-0.05488876795636449,2026-09-04T06:34:12+00:00
opportunity,98380329,0.057905509538529853,0.2945071267097207,0.053510029092233104,0.32617524516622143,1,0.2884014671132741,0.03891041831381013,2026-09-04T06:34:12+00:00
opportunity,98380335,0.09427498264042776,0.30163510995238846,0.5612219466586713,0.6387030256198614,0,-0.04924252275652315,-0.017695383070561534,2026-09-04T06:34:12+00:00
opportunity,98380336,0.08697663857456595,0.3035205754141843,0.5302657244210962,0.588304894738417,0,-0.04924252275652315,-0.017695383070561534,2026-09-04T06:34:12+00:00
opportunity,98380337,0.09078654684865767,0.2959169584485057,0.5602402254628389,0.5428159628631327,0,-0.04924252275652315,-0.017695383070561534,2026-09-04T06:34:12+00:00
opportunity,98380340,0.09160467141379074,0.2936426037455694,0.564015736232659,0.5943951302203729,0,-0.04924252275652315,-0.017695383070561534,2026-09-04T06:34:12+00:00
opportunity,98380358,0.07654682617771236,0.40765813359128383,0.044090503358682184,0.3432584848189219,1,0.072698706677836,0.1140745743511074,2026-09-04T06:34:12+00:00
opportunity,98380362,0.05402210064569425,0.2771289933944945,0.020980735586829703,0.4797889686497282,10,-0.014531503548218612,-0.050421639287687475,2026-09-04T06:34:12+00:00
opportunity,98380368,0.049590675236494824,0.1839471090680277,0.04571226727887315,0.27453470797523544,3,0.11664838155996667,0.15432364348642943,2026-09-04T06:34:12+00:00
opportunity,98380371,0.06927568369233464,0.22926592580111385,0.02652912733283503,0.2861289521276976,1,0.22818894857919544,0.0534916026926673,2026-09-04T06:34:12+00:00
opportunity,98380374,0.05589336984457051,0.1840451784024393,0.037006384098424897,0.2580404072615087,3,0.11664838155996667,0.15432364348642943,2026-09-04T06:34:12+00:00
opportunity,98380376,0.07022497588819163,0.23106088755775203,0.026135855857886085,0.2867124714687456,1,0.22818894857919544,0.0534916026926673,2026-09-04T06:34:12+00:00
opportunity,98380389,0.0861844743148346,0.38193137255632637,0.13397934302362902,0.39822718797861084,6,0.0051120493500318755,-0.16512358402021182,2026-09-04T06:34:12+00:00
opportunity,98380396,0.0987910844711375,0.3136628977846687,0.1816705825420638,0.48310029973837865,0,0.010033924021593258,-0.0639673668118466,2026-09-04T06:34:12+00:00
opportunity,98380398,0.057767455441352755,0.20780874862515405,0.15370058288986196,0.3266659668467365,3,0.0027926628723097023,0.14513541417004636,2026-09-04T06:34:12+00:00
opportunity,98380399,0.08968639042015661,0.30424019588653134,0.15719630237849452,0.46169025429784494,0,0.010033924021593258,-0.0639673668118466,2026-09-04T06:34:12+00:00
opportunity,98380401,0.06059269045498535,0.2102944893738328,0.22712049500780992,0.34437768489492626,3,0.0027926628723097023,0.14513541417004636,2026-09-04T06:34:12+00:00
opportunity,98380407,0.08953876510454153,0.3032802334917388,0.13851282605074128,0.4653478677772754,0,0.010033924021593258,-0.0639673668118466,2026-09-04T06:34:12+00:00
opportunity,98380421,0.07386747887643842,0.2812126080612341,0.017452519040270165,0.4661522582704465,10,-0.11446372845609139,-0.150813628077862,2026-09-04T06:34:12+00:00
opportunity,98380424,0.09715847126099679,0.4094888712690973,0.097050303155368,0.6142294020342801,10,-0.11446372845609139,-0.150813628077862,2026-09-04T06:34:12+00:00
opportunity,98380434,0.07882583909121851,0.31298847302279026,0.13203218085853793,0.44743072186110167,10,-0.11446372845609139,-0.150813628077862,2026-09-04T06:34:12+00:00
opportunity,98380439,0.07644421611390967,0.30691170943496643,0.1080591506303252,0.531963184512882,10,-0.11446372845609139,-0.150813628077862,2026-09-04T06:34:12+00:00
opportunity,98380453,0.07621724135028166,0.3585529970018291,0.029743054367747424,0.6323695768718123,2,-0.01967161242908344,-0.19333887632661412,2026-09-04T06:34:12+00:00
opportunity,98380458,0.07949729145498313,0.3104004903734178,0.11836052778792865,0.4397722701816269,2,-0.01967161242908344,-0.19333887632661412,2026-09-04T06:34:12+00:00
opportunity,98380478,0.08269001063875434,0.2678919191900996,0.07632970385397882,0.3326707092044515,11,0.16879685888757553,0.08566906741703603,2026-09-04T06:34:12+00:00
opportunity,98380502,0.06971336224101617,0.3465508934856669,0.05532647445752326,0.5054226818932701,1,0.14080884716719555,-0.12673063699898734,2026-09-04T06:34:12+00:00
opportunity,98380506,0.07672640903525106,0.3100845288243501,0.10079483476233497,0.32805922734277654,1,0.14080884716719555,-0.12673063699898734,2026-09-04T06:34:12+00:00
opportunity,98380507,0.05047363517094887,0.21999879230694333,0.02209488111571061,0.2701025634207139,1,0.14080884716719555,-0.12673063699898734,2026-09-04T06:34:12+00:00
opportunity,98380509,0.06993496988390803,0.26114866483808136,0.0876577876108975,0.3536508169228553,1,0.14080884716719555,-0.12673063699898734,2026-09-04T06:34:12+00:00
opportunity,98380514,0.1270207385627236,0.42048729476373337,0.7252547078990795,0.6310613015095878,0,-0.011584916405849448,-0.09779527795618999,2026-09-04T06:34:12+00:00
opportunity,98380516,0.0517380151569166,0.22243039202948542,0.030428836717734154,0.25778440267289615,3,0.021799154088570916,0.05672034358489402,2026-09-04T06:34:12+00:00
opportunity,98380517,0.11829669117167235,0.4552225107617916,0.6556728554368912,0.5326924575346735,0,-0.011584916405849448,-0.09779527795618999,2026-09-04T06:34:12+00:00
opportunity,98380522,0.07749334339883716,0.26888131004434135,0.07997595405783359,0.34485388750094637,11,0.1915493893357152,0.09309623430386106,2026-09-04T06:34:12+00:00
opportunity,98380559,0.104804220408291,0.580579936779712,0.2934707076681893,0.6654722089504699,0,-0.17993972910066847,-0.14520471875295615,2026-09-04T06:34:12+00:00
opportunity,98380566,0.12318846052121743,0.6680855511345738,0.43454256343918224,0.9155522768425994,0,-0.1876025665039348,-0.16716260155167434,2026-09-04T06:34:12+00:00
opportunity,98380604,0.07013005305645985,0.24171760582166893,0.03548454181187342,0.4316678179445852,6,0.05170851968735711,-0.11678902880381724,2026-09-04T06:34:12+00:00
opportunity,98380608,0.08192917985840673,0.27042536580199766,0.34387135447168526,0.44807189839522044,8,-0.10070916762002373,0.07761902357649647,2026-09-04T06:34:12+00:00
opportunity,98380609,0.06825493061107599,0.24933656011952327,0.05015119293428556,0.30163499516330666,6,0.05170851968735711,-0.11678902880381724,2026-09-04T06:34:12+00:00
opportunity,98380628,0.0660798950172286,0.2634971117092846,0.03021622752766819,0.2906361619919811,3,0.01061990733729162,0.16507923427672647,2026-09-04T06:34:12+00:00
opportunity,98380669,0.14382082795849813,0.5007523739276794,0.5499492342719101,0.7454537871204537,8,-0.172397074811722,0.06900133812796162,2026-09-04T06:34:12+00:00
opportunity,98380674,0.08019334542187316,0.2935990954035717,0.2100852357894186,0.6981699751861042,0,-0.042241453963457985,-0.10206284210662663,2026-09-04T06:34:12+00:00
opportunity,98380675,0.12544185354489243,0.4754866873054617,0.3541428277858955,0.5179573173914924,8,-0.172397074811722,0.06900133812796162,2026-09-04T06:34:12+00:00
opportunity,98380679,0.06934419415591117,0.2626493351156941,0.19540238785330855,0.29853530148481966,8,-0.10070916762002373,0.07761902357649647,2026-09-04T06:34:12+00:00
opportunity,98380681,0.0805357649024351,0.2968241753573104,0.20602202723482854,0.7179246265067162,0,-0.042241453963457985,-0.10206284210662663,2026-09-04T06:34:12+00:00
opportunity,98380687,0.06975569008128224,0.27684695543160215,0.07590476429733295,0.35865457620268665,0,-0.12150667060924962,-0.09857428246660034,2026-09-04T06:34:12+00:00
opportunity,98380691,0.12059329814001284,0.3007379016564688,1.0,0.8504696745826107,0,-0.042241453963457985,-0.10206284210662663,2026-09-04T06:34:12+00:00
opportunity,98380696,0.0807113282727248,0.2953971164335575,0.21280729210912772,0.6886162833150785,0,-0.042241453963457985,-0.10206284210662663,2026-09-04T06:34:12+00:00
opportunity,98380702,0.08271253017902207,0.4086178993110079,0.16772206422560068,0.4164988406342044,1,0.16975659446482738,0.025043891535158586,2026-09-04T06:34:12+00:00
opportunity,98380703,0.1184293814037858,0.6794716140362643,0.43958047670065287,0.817155791641551,0,-0.06545180589935755,-0.029382062124332562,2026-09-04T06:34:12+00:00
opportunity,98380741,0.1603386431232808,0.5230602959983589,0.9934371574364246,0.9584858354011581,0,-0.1990295017023755,-0.11468949504324777,2026-09-04T06:34:12+00:00
opportunity,98380750,0.16585365065015928,0.5679475298789064,0.886972860172211,0.8701197438039544,0,-0.1990295017023755,-0.11468949504324777,2026-09-04T06:34:12+00:00
opportunity,98380903,0.12443671482776605,0.5388216646616042,0.39681755641659777,0.7341890959282265,0,-0.03205463241415724,-0.06051813810645596,2026-09-04T06:34:12+00:00
opportunity,98380915,0.051489850508628816,0.18161534730326165,0.0,0.25071390388351217,1,0.2877534956491075,0.027634813654436485,2026-09-04T06:34:12+00:00
opportunity,98380916,0.06962205544770193,0.25840708329997103,0.08866583708494119,0.3245589910796917,1,0.13903501398971457,0.04698774777223774,2026-09-04T06:34:12+00:00
opportunity,98380922,0.05737850745521604,0.18781713552057958,0.05257009304387394,0.26208877553649174,1,0.2877534956491075,0.027634813654436485,2026-09-04T06:34:12+00:00
opportunity,98380932,0.058869295583520324,0.22518276902793966,0.021556683918462608,0.29118694577662285,1,0.13903501398971457,0.04698774777223774,2026-09-04T06:34:12+00:00
opportunity,98380943,0.054786619625186134,0.24774723920440087,0.07522569729590256,0.27960913112587854,3,0.013473693082632986,0.13776741702228967,2026-09-04T06:34:12+00:00
opportunity,98380963,0.06865445658410584,0.27675365918472894,0.04070619149360622,0.29129388973274883,3,0.007045558649037975,0.15321238924915842,2026-09-04T06:34:12+00:00
opportunity,98380972,0.07702290801528913,0.48924056983213693,0.08329934255166466,0.40704063587958716,8,-0.11283196928771219,0.0983952893419167,2026-09-04T06:34:12+00:00
opportunity,98380977,0.06575673307370072,0.2271083885931642,0.11033709820151692,0.30896137939204454,1,0.15808794763855977,0.010600252806463597,2026-09-04T06:34:12+00:00
opportunity,98380980,0.05738615098167424,0.20094722480581342,0.015116051847205356,0.26558120116896283,1,0.15808794763855977,0.010600252806463597,2026-09-04T06:34:12+00:00
opportunity,98380981,0.060142858937413855,0.2582931190385925,0.022749456245283992,0.3265843581077989,3,0.007045558649037975,0.15321238924915842,2026-09-04T06:34:12+00:00
opportunity,98380998,0.06978878860117957,0.2782930604053809,0.17272594538289135,0.3158331682841487,1,0.1270302361715692,0.019489572598211893,2026-09-04T06:34:12+00:00
opportunity,98381000,0.08712809304374164,0.3124052227392044,0.19324215633304614,0.4729587933166837,3,0.007045558649037975,0.15321238924915842,2026-09-04T06:34:12+00:00
opportunity,98381009,0.07230867054192107,0.30950482005617186,0.18402481683296043,0.35246591189882515,1,0.1270302361715692,0.019489572598211893,2026-09-04T06:34:12+00:00
opportunity,98381017,0.07883886616214925,0.2894002263516387,0.17465991353762333,0.3840958256073789,1,0.1270302361715692,0.019489572598211893,2026-09-04T06:34:12+00:00
opportunity,98381022,0.07896703989498316,0.30150147556848583,0.21513117363297846,0.3979314739841056,1,0.1270302361715692,0.019489572598211893,2026-09-04T06:34:12+00:00
opportunity,98381072,0.07553734938369637,0.2977188142620968,0.07997843232171864,0.508093870898749,8,-0.10782220990981294,0.08448528163383721,2026-09-04T06:34:12+00:00
opportunity,98381077,0.07430083489195541,0.24500895602992687,0.05203776212763701,0.35691462465664286,2,0.0024962343088006152,-0.1436176519705576,2026-09-04T06:34:12+00:00
opportunity,98381085,0.07556927238611122,0.2702036624789375,0.15670393070305974,0.46924457663334784,8,-0.10782220990981294,0.08448528163383721,2026-09-04T06:34:12+00:00
opportunity,98381089,0.07219507835980549,0.2915403346875925,0.12857075821953431,0.330945379513711,2,0.0024962343088006152,-0.1436176519705576,2026-09-04T06:34:12+00:00
opportunity,98381107,0.08415543295200739,0.2896141975964506,0.14124711233317194,0.3478169051264453,0,-0.05451314941485189,-0.018480016777171412,2026-09-04T06:34:12+00:00
opportunity,98381150,0.07336788769297127,0.278265035381455,0.23575567507965609,0.3678728070175439,0,-0.028751522966913835,-0.06637079553542057,2026-09-04T06:34:12+00:00
opportunity,98381163,0.054677603403059216,0.224136379079646,0.029313966197811573,0.41635522023705096,3,-0.04317393632670805,0.12629442939991584,2026-09-04T06:34:12+00:00
opportunity,98381164,0.09006603183141021,0.33602464580755737,0.343641818479593,0.4408395977941782,0,-0.028751522966913835,-0.06637079553542057,2026-09-04T06:34:12+00:00
opportunity,98381165,0.05844486537601519,0.2202205688073358,0.02500833064467491,0.3050802452993382,3,-0.04317393632670805,0.12629442939991584,2026-09-04T06:34:12+00:00
opportunity,98381174,0.08626506454892383,0.37204803519481433,0.2985972177459989,0.4067550692773708,0,-0.028751522966913835,-0.06637079553542057,2026-09-04T06:34:12+00:00
opportunity,98381178,0.05305884559633818,0.2267562230333218,0.02540554676844792,0.2978477834514986,3,-0.04317393632670805,0.12629442939991584,2026-09-04T06:34:12+00:00
opportunity,98381183,0.048110156254902454,0.1887481050010516,0.02500833064467491,0.2578715983888398,3,-0.04317393632670805,0.12629442939991584,2026-09-04T06:34:12+00:00
opportunity,98381185,0.05334676820094101,0.1980768373497212,0.03611958312552048,0.3067674369825701,1,0.30270989079647,-0.011365817408376553,2026-09-04T06:34:12+00:00
opportunity,98381187,0.07545014035853663,0.3169571570355988,0.2566376067910278,0.4211205369631659,0,-0.028751522966913835,-0.06637079553542057,2026-09-04T06:34:12+00:00
opportunity,98381192,0.0639327576222839,0.2039021259822004,0.02019926415695522,0.2662261126755574,8,-0.08662818227248087,0.13605349413847923,2026-09-04T06:34:12+00:00
opportunity,98381197,0.05471198976291611,0.19211534436368785,0.0,0.2483103474759444,8,-0.08662818227248087,0.13605349413847923,2026-09-04T06:34:12+00:00
opportunity,98381200,0.06126671017569416,0.2060246791275914,0.05207192210376619,0.31826893412259266,1,0.30270989079647,-0.011365817408376553,2026-09-04T06:34:12+00:00
opportunity,98381231,0.08954260782679342,0.3282743194984743,0.1248527640059585,0.3556575330318347,0,-0.05451314941485189,-0.018480016777171412,2026-09-04T06:34:12+00:00
opportunity,98381290,0.10033686228970143,0.34488300531711097,0.3310932211618293,0.4731300929576792,8,-0.11594968323872695,0.11086724876027297,2026-09-04T06:34:12+00:00
opportunity,98381298,0.08744289492853169,0.36218885618667807,0.3371729192491982,0.4278979991978674,8,-0.11594968323872695,0.11086724876027297,2026-09-04T06:34:12+00:00
opportunity,98381302,0.07016937120763926,0.3100161004319871,0.15178245357446815,0.337623556998557,8,-0.11594968323872695,0.11086724876027297,2026-09-04T06:34:12+00:00
opportunity,98381306,0.08516227141542357,0.4161899737575629,0.1871859831310107,0.38805256869772997,8,-0.11594968323872695,0.11086724876027297,2026-09-04T06:34:12+00:00
opportunity,98381308,0.09003271687817849,0.2917372620594281,0.21207884150612466,0.43801445108014453,9,0.17718155285938184,-0.18401463345733196,2026-09-04T06:34:12+00:00
opportunity,98381326,0.0901275595361172,0.2935304798377683,0.211771038772677,0.4380347437736086,9,0.17718155285938184,-0.18401463345733196,2026-09-04T06:34:12+00:00
opportunity,98381331,0.1410777303175378,0.5484477790445631,0.9017292220978795,0.6580702407545297,5,-0.1234447791168937,-0.04105466141169887,2026-09-04T06:34:12+00:00
opportunity,98381332,0.14363915192252735,0.47721824308828226,0.9179203947580646,0.8996124897533349,8,-0.14522861331031434,0.12915796095109752,2026-09-04T06:34:12+00:00
opportunity,98381337,0.08830980232340108,0.37932541571365097,0.25022562869492226,0.5076021399550811,8,-0.14522861331031434,0.12915796095109752,2026-09-04T06:34:12+00:00
opportunity,98381339,0.10438340182461053,0.4310611225603259,0.446257046824386,0.5345750551522939,8,-0.14522861331031434,0.12915796095109752,2026-09-04T06:34:12+00:00
opportunity,98381340,0.08982859076306887,0.29107883917852223,0.21230787075685356,0.443729374521873,9,0.17718155285938184,-0.18401463345733196,2026-09-04T06:34:12+00:00
opportunity,98381346,0.08642029279317236,0.4075390409500636,0.16414389517622419,0.44298214023114757,8,-0.14522861331031434,0.12915796095109752,2026-09-04T06:34:12+00:00
opportunity,98381359,0.07872438869251973,0.24506564672207265,0.13543751124806552,0.5587331869828523,0,-0.058061698551848874,-0.023555247825087233,2026-09-04T06:34:12+00:00
opportunity,98381366,0.08492915862651715,0.2821693879096585,0.21129330889796819,0.3750327384925255,9,0.2111979170721086,-0.185034348142844,2026-09-04T06:34:12+00:00
opportunity,98381369,0.1182164690681455,0.38306480807721677,0.2158022272436676,0.4625090737718379,0,-0.12235675639490032,-0.17709565959006304,2026-09-04T06:34:12+00:00
opportunity,98381379,0.05362278395201316,0.19002449164221263,0.03809468548739442,0.4228407040442952,0,-0.058061698551848874,-0.023555247825087233,2026-09-04T06:34:12+00:00
opportunity,98381431,0.06936629062190935,0.222589143133995,0.03688583187610102,0.3106762173873073,2,0.01649430163446496,-0.08849451959674845,2026-09-04T06:34:12+00:00
opportunity,98381453,0.17341242591013697,0.5386419957874354,0.9823482300478242,0.9894179894179896,8,-0.07928910710158107,0.008791097180770532,2026-09-04T06:34:12+00:00
opportunity,98381468,0.05224548250435871,0.2432220729697868,0.018510062835760885,0.3123400263906774,2,0.01649430163446496,-0.08849451959674845,2026-09-04T06:34:12+00:00
opportunity,98381472,0.09016927222152167,0.4001532483830659,0.2382031268462103,0.48844718083848526,9,0.1905299184953514,-0.2010817726365507,2026-09-04T06:34:12+00:00
opportunity,98381489,0.06336678416722424,0.26667842568679745,0.05115110194736371,0.4105380440059352,9,0.1905299184953514,-0.2010817726365507,2026-09-04T06:34:12+00:00
opportunity,98381501,0.06372145282620734,0.267417512907557,0.050957883982131975,0.4148431556549308,9,0.1905299184953514,-0.2010817726365507,2026-09-04T06:34:12+00:00
opportunity,98381517,0.09301254942108639,0.3300009664464331,0.11546835249813589,0.3801340311494736,10,-0.004071080631366688,-0.10194851353469728,2026-09-04T06:34:12+00:00
opportunity,98381519,0.07877429306852286,0.29957014367034007,0.1145317870234895,0.3435305679767398,10,-0.004071080631366688,-0.10194851353469728,2026-09-04T06:34:12+00:00
opportunity,98381520,0.07732353506440345,0.2467779189411783,0.043068955754977364,0.2987632390555602,1,0.16365285133514684,-0.021171265868428067,2026-09-04T06:34:12+00:00
opportunity,98381525,0.0752018168388381,0.310738478078626,0.21357944357905712,0.5177496240842051,0,-0.0615067324883442,-0.11208408843439456,2026-09-04T06:34:12+00:00
opportunity,98381528,0.10117556822946683,0.36057398696493936,0.22205759026692512,0.4431857049227942,0,-0.0615067324883442,-0.11208408843439456,2026-09-04T06:34:12+00:00
opportunity,98381541,0.0770786820922504,0.26092857570882605,0.09892294678614157,0.38388642694650393,3,-0.05815593656220488,0.16501850410358507,2026-09-04T06:34:12+00:00
opportunity,98381544,0.07450503726662333,0.26209202589918357,0.09892294678614157,0.37697117245217876,3,-0.05815593656220488,0.16501850410358507,2026-09-04T06:34:12+00:00
opportunity,98381548,0.0776526797870241,0.2741126564505178,0.05514113757235353,0.29156752161613103,1,0.16365285133514684,-0.021171265868428067,2026-09-04T06:34:12+00:00
opportunity,98381563,0.06961688212903037,0.24229362788756217,0.059862826452685564,0.2785024955669811,4,0.12915559117494133,0.05058250696735431,2026-09-04T06:34:12+00:00
opportunity,98381575,0.06162259027423042,0.21510302209554247,0.025809449335862357,0.2963306162366856,4,0.12915559117494133,0.05058250696735431,2026-09-04T06:34:12+00:00
opportunity,98381606,0.08362784011674998,0.2820346239734538,0.13103456980907496,0.5694726909276021,0,-0.06977211698369776,-0.08570514152887757,2026-09-04T06:34:12+00:00
opportunity,98381608,0.08677076358515555,0.28136852164129594,0.15438764488757545,0.5623993742495238,0,-0.06977211698369776,-0.08570514152887757,2026-09-04T06:34:12+00:00
opportunity,98381611,0.14677294851159134,0.5468753024813221,0.7936521045372212,0.6787405303030303,5,-0.1234447791168937,-0.04105466141169887,2026-09-04T06:34:12+00:00
opportunity,98381617,0.15057021657960565,0.570131634535043,0.9057718505678306,0.6790716199928194,5,-0.1234447791168937,-0.04105466141169887,2026-09-04T06:34:12+00:00
opportunity,98381627,0.07601703014547649,0.40940989875395023,0.19879461972587265,0.4138659029564204,3,-0.0783221219943657,0.11098162482294065,2026-09-04T06:34:12+00:00
opportunity,98381708,0.06398283478471165,0.2537763024589086,0.23626677091287968,0.4006312904240298,0,-0.00471463383614626,-0.02947271206489549,2026-09-04T06:34:12+00:00
opportunity,98381713,0.0634706267278128,0.2641381821410568,0.1617006586064001,0.34222728108903605,7,0.1992815855105764,-0.04550310519047087,2026-09-04T06:34:12+00:00
opportunity,98381717,0.07516497557993185,0.26785808242896025,0.2396903368381105,0.417190459476808,0,-0.00471463383614626,-0.02947271206489549,2026-09-04T06:34:12+00:00
opportunity,98381727,0.08336582434528907,0.31107287500120584,0.25829791397021856,0.4287528913838022,0,-0.00471463383614626,-0.02947271206489549,2026-09-04T06:34:12+00:00
opportunity,98381734,0.08807149759177788,0.34865105256170764,0.31529748678928576,0.5811532114358146,7,0.1840932374783525,-0.07907289130701099,2026-09-04T06:34:12+00:00
opportunity,98381736,0.08393156552438591,0.2816060303381146,0.27801928031577067,0.5126615041388963,0,-0.00471463383614626,-0.02947271206489549,2026-09-04T06:34:12+00:00
opportunity,98381747,0.07744510172004843,0.2729228166386883,0.17462091409778138,0.33303944918939865,7,0.1992815855105764,-0.04550310519047087,2026-09-04T06:34:12+00:00
opportunity,98381758,0.12991321561477626,0.44107607766674517,0.7027445862367997,0.5130242453765037,0,-0.0500711381092391,-0.12002141381881,2026-09-04T06:34:12+00:00
opportunity,98381759,0.12686251427548417,0.44507301824638423,0.5679317741428667,0.47491015399512126,0,-0.0500711381092391,-0.12002141381881,2026-09-04T06:34:12+00:00
opportunity,98381763,0.0786581672004999,0.3342785272638972,0.09141233010002617,0.3782970265552253,8,-0.14871706132017257,0.18332141877644229,2026-09-04T06:34:12+00:00
professor,1061797,0.09413946488956568,0.4061210704173643,0.0,0.6001276065981949,8,-0.11283196928771219,0.0983952893419167,2026-09-04T06:34:12+00:00
professor,1114484,0.15445612516026497,0.37164551879957236,0.0,0.8716039797561537,0,-0.06545180589935755,-0.029382062124332562,2026-09-04T06:34:12+00:00
professor,1141406,0.15945998569380698,0.6548259162561734,0.0,0.8351190476190476,0,-0.04924252275652315,-0.017695383070561534,2026-09-04T06:34:12+00:00
professor,1157495,0.17582837016461553,0.627012438408625,0.0,0.85651569548007,5,-0.10197571426361532,-0.05891485345857035,2026-09-04T06:34:12+00:00
professor,1164377,0.1963953516103247,0.4857361656540044,0.0,0.9595672431493327,0,-0.1914003247523386,-0.1354365775977815,2026-09-04T06:34:12+00:00
professor,1219840,0.07135005534153387,0.39301111670611943,0.0,0.5645755305867666,3,0.0027926628723097023,0.14513541417004636,2026-09-04T06:34:12+00:00
professor,1241177,0.1799665878974233,0.6684762399848246,0.0,0.9199209287444583,0,-0.07204291062527818,-0.08195660189343691,2026-09-04T06:34:12+00:00
professor,1265949,0.11984068065756376,0.4667237675599549,0.0,0.6829970954970955,8,-0.15075864024856356,0.1832131514928116,2026-09-04T06:34:12+00:00
professor,1298235,0.12338900579327627,0.30149753178106914,0.0,0.5312903225806452,1,0.2877534956491075,0.027634813654436485,2026-09-04T06:34:12+00:00
professor,1301285,0.22461323404411643,0.5759726769946567,0.0,0.859415494899366,0,-0.02369200627708205,-0.04702853788396431,2026-09-04T06:34:12+00:00
professor,1345072,0.12086292070241941,0.42658573744882533,0.0,0.5784373406852881,1,0.13903501398971457,0.04698774777223774,2026-09-04T06:34:12+00:00
professor,1358530,0.12114502383613696,0.42597568879673736,0.0,0.5389000153706036,1,0.15808794763855977,0.010600252806463597,2026-09-04T06:34:12+00:00
professor,1370651,0.12681618032005748,0.48806414072258225,0.0,0.6373113977244785,1,0.16975659446482738,0.025043891535158586,2026-09-04T06:34:12+00:00
professor,1418174,0.0972881031846649,0.3208921325858492,0.0,0.5498991291540305,1,0.072698706677836,0.1140745743511074,2026-09-04T06:34:12+00:00
professor,1423644,0.07745410734691124,0.2545112094240561,0.0,0.5559975436010808,1,0.2884014671132741,0.03891041831381013,2026-09-04T06:34:12+00:00
professor,1490861,0.13972318387825608,0.4907562567230926,0.0,0.6532931946725051,0,-0.028751522966913835,-0.06637079553542057,2026-09-04T06:34:12+00:00
professor,1544082,0.11481440089767549,0.3913810143882304,0.0,0.6000512672626486,3,-0.057658684975298996,0.12954745097943696,2026-09-04T06:34:12+00:00
professor,1545496,0.1307887077604957,0.40413423453245817,0.0,0.5460199396000648,1,0.1464042212550441,0.01470562054946312,2026-09-04T06:34:12+00:00
professor,1556562,0.14304724235215477,0.3926345075055515,0.0,0.7082264588368765,6,0.03760638809620905,-0.1190879207715283,2026-09-04T06:34:12+00:00
professor,1573437,0.12963272106410387,0.4622282117191771,0.0,0.6869672490895935,0,-0.00471463383614626,-0.02947271206489549,2026-09-04T06:34:12+00:00
professor,1612086,0.13103522505387505,0.3118718925439166,0.0,0.5766455730344077,1,0.30270989079647,-0.011365817408376553,2026-09-04T06:34:12+00:00
professor,1627935,0.16561494953087896,0.5854730626982313,0.0,0.8334537137354039,0,-0.13913207426823831,-0.06576321015508262,2026-09-04T06:34:12+00:00
professor,1640530,0.12876548530416176,0.33836544135165014,0.0,0.5894053917863441,2,0.009495267971632786,-0.11605608578365303,2026-09-04T06:34:12+00:00
professor,1645285,0.17153216919806508,0.4688679051981681,0.0,0.8014859981933155,8,-0.172397074811722,0.06900133812796162,2026-09-04T06:34:12+00:00
professor,1653324,0.17144420667242113,0.7008336671191788,0.0,0.8458468614718615,5,-0.1860955501165392,-0.14425524017888408,2026-09-04T06:34:12+00:00
professor,1714987,0.085812866734609,0.4789849174827876,0.0,0.5496683903668894,3,-0.02720417459486694,0.065079815581535,2026-09-04T06:34:12+00:00
professor,1715527,0.15047228319694025,0.40045632397840364,0.0,0.6406317844639381,6,0.05170851968735711,-0.11678902880381724,2026-09-04T06:34:12+00:00
professor,1756620,0.1169807809948215,0.3438986443067562,0.0,0.5535609857978279,3,-0.00450940750767182,0.1593967119185788,2026-09-04T06:34:12+00:00
professor,1790572,0.14936947818029706,0.41585579447661525,0.0,0.6891659043706888,9,0.18776176159090122,-0.19147479520349883,2026-09-04T06:34:12+00:00
professor,1804495,0.14088055911550001,0.4811291237580056,0.0,0.6724672108914962,7,0.19421880283316842,-0.05669303389598424,2026-09-04T06:34:12+00:00
professor,1916144,0.11684397169226135,0.39312375390265775,0.0,0.521137206171689,3,0.11664838155996667,0.15432364348642943,2026-09-04T06:34:12+00:00
professor,1918787,0.18105760069536214,0.5599131586743417,0.0,0.8086764513874489,8,-0.10782220990981294,0.08448528163383721,2026-09-04T06:34:12+00:00
professor,1974414,0.14228221658466436,0.38492350135477565,0.0,0.7025855994791884,1,0.2283628614331648,0.07264170182318049,2026-09-04T06:34:12+00:00
professor,2024367,0.10798409370820361,0.3809840177221168,0.0,0.5195016420361248,4,0.03460132275881583,0.14723850586497647,2026-09-04T06:34:12+00:00
professor,2033893,0.16687951109921462,0.4378284731711663,0.0,0.6034447729709167,1,0.22818894857919544,0.0534916026926673,2026-09-04T06:34:12+00:00
professor,2106371,0.16636844040122348,0.4982071135022374,0.0,0.82562250476015,8,-0.1784912190099487,0.00594600879788364,2026-09-04T06:34:12+00:00
professor,2119250,0.14395545372576735,0.47432051709525075,0.0,0.8162227868749607,10,-0.06316753749315823,-0.14922866150425884,2026-09-04T06:34:12+00:00
professor,2151027,0.1375946549451049,0.41291765521178886,0.0,0.5667575456147481,11,0.18017312411164538,0.08938265086044855,2026-09-04T06:34:12+00:00
professor,2194196,0.1530842210742159,0.6042169846154878,0.0,0.6188992741011653,0,-0.02738992363265183,0.007451278261617701,2026-09-04T06:34:12+00:00
professor,2269479,0.11913537518065889,0.43076932771995685,0.0,0.6201838870137524,1,0.14080884716719555,-0.12673063699898734,2026-09-04T06:34:12+00:00
professor,2269625,0.09315522657030297,0.3096604303989272,0.0,0.5099002849002849,3,0.01061990733729162,0.16507923427672647,2026-09-04T06:34:12+00:00
professor,2270384,0.15423161294373208,0.5090898555094762,0.0,0.8644843821686711,0,-0.02790781170726181,-0.05488876795636449,2026-09-04T06:34:12+00:00
professor,2304973,0.14816494693433424,0.5523727102015354,0.0,0.6676985985238413,0,-0.0500711381092391,-0.12002141381881,2026-09-04T06:34:12+00:00
professor,2370894,0.14895750859841436,0.4913100787672275,0.0,0.8442146257935181,0,-0.03205463241415724,-0.06051813810645596,2026-09-04T06:34:12+00:00
professor,2556863,0.17306990763045085,0.6730831099810511,0.0,0.9693711306614533,8,-0.07928910710158107,0.008791097180770532,2026-09-04T06:34:12+00:00
professor,2579081,0.1558868055609516,0.4340676443847779,0.0,0.6557543304531257,1,0.1270302361715692,0.019489572598211893,2026-09-04T06:34:12+00:00
professor,2882780,0.15453874674549276,0.33078424395120853,0.0,0.6474684216619702,8,-0.13925651625530908,0.21155082562184982,2026-09-04T06:34:12+00:00
professor,2943096,0.24404781450717522,0.5605867907927286,0.0,0.8832846003898635,8,-0.13058914827452064,0.12001260485568524,2026-09-04T06:34:12+00:00
professor,2998692,0.14046406246962168,0.38336690066014895,0.0,0.6447206861286153,1,0.1636700297833681,0.0486219517306115,2026-09-04T06:34:12+00:00
professor,3086042,0.14179265047417317,0.517693577626693,0.0,0.7471844885637988,0,-0.058061698551848874,-0.023555247825087233,2026-09-04T06:34:12+00:00
professor,3140619,0.06294304166937614,0.3689889230000414,0.0,0.6762772333784868,10,-0.014531503548218612,-0.050421639287687475,2026-09-04T06:34:12+00:00
professor,3143109,0.15087301206096115,0.5767801116621789,0.0,0.913209182229768,0,-0.042241453963457985,-0.10206284210662663,2026-09-04T06:34:12+00:00
professor,3195712,0.11029944496210083,0.47566891248296556,0.0,0.580520433176796,3,0.007045558649037974,0.15321238924915842,2026-09-04T06:34:12+00:00
professor,3223216,0.14708318678737017,0.4264892517216585,0.0,0.6833180161094621,0,0.010033924021593258,-0.0639673668118466,2026-09-04T06:34:12+00:00
professor,3304616,0.17866253397410128,0.4066329994927467,0.0,0.7209706499540675,0,-0.0615067324883442,-0.11208408843439456,2026-09-04T06:34:12+00:00
professor,3305518,0.08014287540686973,0.3873105057714277,0.0,0.5074567554932211,3,0.013473693082632986,0.13776741702228967,2026-09-04T06:34:12+00:00
professor,3307604,0.11070155185503336,0.47083191322404017,0.0,0.5768887546967257,6,0.0051120493500318755,-0.16512358402021182,2026-09-04T06:34:12+00:00
professor,3314459,0.1494836849945308,0.4882269045189093,0.0,0.6594319131161236,0,-0.12235675639490032,-0.17709565959006304,2026-09-04T06:34:12+00:00
professor,3443233,0.11470910204762391,0.35301767596840655,0.0,0.5863330017234373,0,-0.12150667060924962,-0.09857428246660034,2026-09-04T06:34:12+00:00
professor,3583683,0.1556067197680755,0.40366785498344265,0.0,0.6157215167057425,0,-0.05451314941485189,-0.018480016777171412,2026-09-04T06:34:12+00:00
professor,3882870,0.14747349587754696,0.40569076233013335,0.0,0.6049292064960428,8,-0.1433894550829902,0.21868784555438753,2026-09-04T06:34:12+00:00
professor,400800,0.10872969913574058,0.33796436473698965,0.0,0.5928620575085222,3,-0.06487799837292514,0.14700621101003694,2026-09-04T06:34:12+00:00
professor,4420437,0.177320074229095,0.6497754178033349,0.0,0.8835393152466323,5,-0.20289345825486022,-0.11963236406297043,2026-09-04T06:34:12+00:00
professor,530117,0.16086910762964424,0.5158674059680366,0.0,0.7207139265962795,0,-0.011584916405849448,-0.09779527795618999,2026-09-04T06:34:12+00:00
professor,6605449,0.13921900198870316,0.5223476363970494,0.0,0.6610195360195361,0,-0.09871896253249307,-0.03175712585712977,2026-09-04T06:34:12+00:00
