id_opportunity,status,raw_status,applied_at,synced_at
98379721,applied,applied,2026-09-02T22:51:33.173194,2026-09-04T05:11:57+00:00
98379723,applied,applied,2026-09-02T22:51:43.179605,2026-09-04T05:11:57+00:00
98379724,applied,applied,2026-09-02T22:51:53.399483,2026-09-04T05:11:57+00:00
98379725,applied,applied,2026-09-02T22:52:04.033707,2026-09-04T05:11:57+00:00
98380166,applied,applied,2026-09-02T22:52:14.542249,2026-09-04T05:11:57+00:00
98380167,applied,applied,2026-09-02T22:52:24.887758,2026-09-04T05:11:57+00:00
98380168,applied,applied,2026-09-02T22:52:35.333531,2026-09-04T05:11:57+00:00
98380169,applied,applied,2026-09-02T22:52:46.114472,2026-09-04T05:11:57+00:00
98380171,applied,applied,2026-09-02T22:52:56.555299,2026-09-04T05:11:57+00:00
98380172,applied,applied,2026-09-02T22:53:06.747421,2026-09-04T05:11:57+00:00
98381072,applied,applied,2026-09-02T22:53:17.316878,2026-09-04T05:11:57+00:00
98381085,applied,applied,2026-09-02T22:53:28.264401,2026-09-04T05:11:57+00:00
98379538,applied,applied,2026-09-02T22:53:38.574485,2026-09-04T05:11:57+00:00
98379540,applied,applied,2026-09-02T22:53:48.871390,2026-09-04T05:11:57+00:00
98379543,applied,applied,2026-09-02T22:53:58.965495,2026-09-04T05:11:57+00:00
98379544,applied,applied,2026-09-02T22:54:09.375125,2026-09-04T05:11:57+00:00
98379931,applied,applied,2026-09-02T22:54:19.609780,2026-09-04T05:11:57+00:00
98379935,applied,applied,2026-09-02T22:54:29.757405,2026-09-04T05:11:57+00:00
98380396,applied,applied,2026-09-02T22:54:39.667047,2026-09-04T05:11:57+00:00
98380399,applied,applied,2026-09-02T22:54:49.557099,2026-09-04T05:11:57+00:00
98380407,applied,applied,2026-09-02T22:54:59.448252,2026-09-04T05:11:57+00:00
98381332,applied,applied,2026-09-02T22:55:09.905500,2026-09-04T05:11:57+00:00
98381337,applied,applied,2026-09-02T22:55:19.919067,2026-09-04T05:11:57+00:00
98381339,applied,applied,2026-09-02T22:55:29.948138,2026-09-04T05:11:57+00:00
98381346,applied,applied,2026-09-02T22:55:40.107997,2026-09-04T05:11:57+00:00
98381290,applied,applied,2026-09-02T22:55:50.582975,2026-09-04T05:11:57+00:00
98381298,applied,applied,2026-09-02T22:56:00.823040,2026-09-04T05:11:57+00:00
98381302,applied,applied,2026-09-02T22:56:11.190460,2026-09-04T05:11:57+00:00
98381306,applied,applied,2026-09-02T22:56:21.075296,2026-09-04T05:11:57+00:00
98381606,applied,applied,confirmed_on_sigaa,2026-09-04T05:11:57+00:00
98381608,applied,applied,confirmed_on_sigaa,2026-09-04T05:11:57+00:00
98381331,applied,applied,confirmed_on_sigaa,2026-09-04T05:11:57+00:00
98381611,applied,applied,confirmed_on_sigaa,2026-09-04T05:11:57+00:00
98381617,applied,applied,confirmed_on_sigaa,2026-09-04T05:11:57+00:00
98381525,applied,applied,2026-09-02T23:18:01.837087,2026-09-04T05:11:57+00:00
98381528,applied,applied,2026-09-02T23:18:08.497394,2026-09-04T05:11:57+00:00
98379605,applied,applied,confirmed_on_sigaa,2026-09-04T05:11:57+00:00
98379606,applied,applied,2026-09-02T23:18:17.746009,2026-09-04T05:11:57+00:00
98379607,applied,applied,2026-09-02T23:18:24.365240,2026-09-04T05:11:57+00:00
98379608,applied,applied,2026-09-02T23:18:31.109037,2026-09-04T05:11:57+00:00
98379631,applied,applied,2026-09-02T23:18:38.183406,2026-09-04T05:11:57+00:00
98379632,applied,applied,2026-09-02T23:18:45.498316,2026-09-04T05:11:57+00:00
98380687,applied,applied,2026-09-02T23:18:53.218010,2026-09-04T05:11:57+00:00
98381758,applied,applied,2026-09-02T23:19:00.390198,2026-09-04T05:11:57+00:00
98381759,applied,applied,2026-09-02T23:19:07.462008,2026-09-04T05:11:57+00:00
98381369,applied,applied,2026-09-02T23:19:14.923342,2026-09-04T05:11:57+00:00
98379794,applied,applied,2026-09-02T23:19:21.492843,2026-09-04T05:11:57+00:00
98379796,applied,applied,2026-09-02T23:19:28.357016,2026-09-04T05:11:57+00:00
98379800,applied,applied,2026-09-02T23:19:34.665710,2026-09-04T05:11:57+00:00
98380514,applied,applied,2026-09-02T23:19:41.211067,2026-09-04T05:11:57+00:00
98380517,applied,applied,2026-09-02T23:19:47.704540,2026-09-04T05:11:57+00:00
98381107,applied,applied,2026-09-02T23:19:53.923174,2026-09-04T05:11:57+00:00
98381231,applied,applied,2026-09-02T23:20:00.126312,2026-09-04T05:11:57+00:00
98381453,applied,applied,2026-09-02T23:20:06.371640,2026-09-04T05:11:57+00:00
98380559,applied,applied,2026-09-02T23:20:12.979862,2026-09-04T05:11:57+00:00
98380741,applied,applied,2026-09-02T23:20:19.604529,2026-09-04T05:11:57+00:00
98380750,applied,applied,2026-09-02T23:20:26.167638,2026-09-04T05:11:57+00:00
98380566,applied,applied,2026-09-02T23:20:32.942719,2026-09-04T05:11:57+00:00
98380903,applied,applied,2026-09-02T23:20:39.753970,2026-09-04T05:11:57+00:00
98381359,applied,applied,confirmed_on_sigaa,2026-09-04T05:11:57+00:00
98381379,applied,applied,2026-09-02T23:20:49.224123,2026-09-04T05:11:57+00:00
98381150,applied,applied,2026-09-02T23:20:55.992502,2026-09-04T05:11:57+00:00
98381164,applied,applied,2026-09-02T23:21:02.838879,2026-09-04T05:11:57+00:00
98381174,applied,applied,2026-09-02T23:21:09.488232,2026-09-04T05:11:57+00:00
98381187,applied,applied,2026-09-02T23:21:16.083012,2026-09-04T05:11:57+00:00
98379819,applied,applied,2026-09-02T23:13:04.921146,2026-09-04T05:11:57+00:00
98379994,applied,applied,2026-09-02T23:21:25.203855,2026-09-04T05:11:57+00:00
98380604,applied,applied,2026-09-02T23:21:33.203715,2026-09-04T05:11:57+00:00
98380609,applied,applied,2026-09-02T23:21:41.327573,2026-09-04T05:11:57+00:00
98380478,applied,applied,2026-09-02T23:21:49.860525,2026-09-04T05:11:57+00:00
98380522,applied,applied,2026-09-02T23:21:57.717256,2026-09-04T05:11:57+00:00
98380963,applied,applied,2026-09-02T23:22:05.630831,2026-09-04T05:11:57+00:00
98380981,applied,applied,2026-09-02T23:22:13.869048,2026-09-04T05:11:57+00:00
98381000,applied,applied,2026-09-02T23:22:26.167969,2026-09-04T05:11:57+00:00
98380103,applied,applied,2026-09-02T23:22:35.273073,2026-09-04T05:11:57+00:00
98380163,applied,applied,2026-09-02T23:22:43.615463,2026-09-04T05:11:57+00:00
98381708,applied,applied,2026-09-02T23:22:51.710249,2026-09-04T05:11:57+00:00
98381717,applied,applied,2026-09-02T23:22:59.814498,2026-09-04T05:11:57+00:00
98381727,applied,applied,2026-09-02T23:23:07.747280,2026-09-04T05:11:57+00:00
98381736,applied,applied,2026-09-02T23:23:15.779587,2026-09-04T05:11:57+00:00
98380502,applied,applied,2026-09-02T23:23:23.646674,2026-09-04T05:11:57+00:00
98380506,applied,applied,2026-09-02T23:23:31.524768,2026-09-04T05:11:57+00:00
98380507,applied,applied,2026-09-02T23:23:39.337391,2026-09-04T05:11:57+00:00
98380509,applied,applied,2026-09-02T23:23:47.219248,2026-09-04T05:11:57+00:00
98380669,applied,applied,2026-09-02T23:23:55.305019,2026-09-04T05:11:57+00:00
98380675,applied,applied,2026-09-02T23:24:03.336798,2026-09-04T05:11:57+00:00
98380998,applied,applied,2026-09-02T23:24:11.195127,2026-09-04T05:11:57+00:00
98381009,applied,applied,2026-09-02T23:24:19.413608,2026-09-04T05:11:57+00:00
98381017,applied,applied,2026-09-02T23:24:27.243376,2026-09-04T05:11:57+00:00
98381022,applied,applied,2026-09-02T23:24:34.907097,2026-09-04T05:11:57+00:00
98380070,applied,applied,2026-09-02T23:24:43.352280,2026-09-04T05:11:57+00:00
98379609,applied,applied,2026-09-02T23:24:51.496607,2026-09-04T05:11:57+00:00
98381763,applied,applied,2026-09-02T23:24:59.943731,2026-09-04T05:11:57+00:00
98379784,applied,applied,2026-09-02T23:25:08.155928,2026-09-04T05:11:57+00:00
98380915,applied,applied,2026-09-02T23:25:16.592271,2026-09-04T05:11:57+00:00
98380922,applied,applied,2026-09-02T23:25:24.963449,2026-09-04T05:11:57+00:00
98381185,applied,applied,2026-09-02T23:25:33.672323,2026-09-04T05:11:57+00:00
98381200,applied,applied,2026-09-02T23:25:44.422825,2026-09-04T05:11:57+00:00
98381734,applied,applied,2026-09-02T23:25:52.603430,2026-09-04T05:11:57+00:00
98381713,applied,applied,2026-09-02T23:26:01.571984,2026-09-04T05:11:57+00:00
98381747,applied,applied,2026-09-02T23:26:09.846335,2026-09-04T05:11:57+00:00
98379577,applied,applied,2026-09-02T23:26:18.080864,2026-09-04T05:11:57+00:00
98379579,applied,applied,2026-09-02T23:26:26.290999,2026-09-04T05:11:57+00:00
98379582,applied,applied,2026-09-02T23:26:34.591658,2026-09-04T05:11:57+00:00
98380329,applied,applied,2026-09-02T23:26:42.904862,2026-09-04T05:11:57+00:00
98380674,applied,applied,2026-09-02T23:26:51.075136,2026-09-04T05:11:57+00:00
98380681,applied,applied,2026-09-02T23:27:01.075544,2026-09-04T05:11:57+00:00
98380691,applied,applied,2026-09-02T23:27:10.202061,2026-09-04T05:11:57+00:00
98380696,applied,applied,2026-09-02T23:27:18.511134,2026-09-04T05:11:57+00:00
98380368,applied,applied,2026-09-02T23:27:28.369212,2026-09-04T05:11:57+00:00
98380374,applied,applied,2026-09-02T23:27:39.141474,2026-09-04T05:11:57+00:00
98380916,applied,applied,2026-09-02T23:27:47.081312,2026-09-04T05:11:57+00:00
98380932,applied,applied,2026-09-02T23:27:55.267699,2026-09-04T05:11:57+00:00
98380358,applied,applied,2026-09-02T23:28:04.218010,2026-09-04T05:11:57+00:00
98380972,applied,applied,2026-09-02T23:28:12.179163,2026-09-04T05:11:57+00:00
98380943,applied,applied,2026-09-02T23:28:20.112447,2026-09-04T05:11:57+00:00
98380170,applied,applied,2026-09-02T23:28:28.583416,2026-09-04T05:11:57+00:00
98380263,applied,applied,2026-09-02T23:28:36.902585,2026-09-04T05:11:57+00:00
98381520,applied,applied,2026-09-02T23:28:45.289582,2026-09-04T05:11:57+00:00
98381548,applied,applied,2026-09-02T23:28:53.850944,2026-09-04T05:11:57+00:00
98381563,applied,applied,2026-09-02T23:29:02.117254,2026-09-04T05:11:57+00:00
98381575,applied,applied,2026-09-02T23:29:10.399042,2026-09-04T05:11:57+00:00
98380977,applied,applied,2026-09-02T23:29:19.773026,2026-09-04T05:11:57+00:00
98380980,applied,applied,2026-09-02T23:29:28.027991,2026-09-04T05:11:57+00:00
98380371,applied,applied,2026-09-02T23:29:36.272730,2026-09-04T05:11:57+00:00
98380376,applied,applied,2026-09-02T23:29:44.545528,2026-09-04T05:11:57+00:00
98379769,applied,applied,2026-09-02T23:29:52.921427,2026-09-04T05:11:57+00:00
98381163,applied,applied,2026-09-02T23:30:01.096371,2026-09-04T05:11:57+00:00
98381165,applied,applied,2026-09-02T23:30:09.788563,2026-09-04T05:11:57+00:00
98381178,applied,applied,2026-09-02T23:30:18.063034,2026-09-04T05:11:57+00:00
98381183,applied,applied,2026-09-02T23:30:26.536690,2026-09-04T05:11:57+00:00
98381192,applied,applied,2026-09-02T23:30:35.844929,2026-09-04T05:11:57+00:00
98381197,applied,applied,2026-09-02T23:30:44.230997,2026-09-04T05:11:57+00:00
98380389,applied,applied,2026-09-02T23:30:52.279333,2026-09-04T05:11:57+00:00
98380294,applied,applied,2026-09-02T23:31:00.775275,2026-09-04T05:11:57+00:00
98379594,applied,applied,2026-09-02T23:31:10.022717,2026-09-04T05:11:57+00:00
98379597,applied,applied,2026-09-02T23:31:18.260379,2026-09-04T05:11:57+00:00
98379593,applied,applied,2026-09-02T23:31:26.632113,2026-09-04T05:11:57+00:00
98380421,applied,applied,2026-09-02T23:31:34.305964,2026-09-04T05:11:57+00:00
98380424,applied,applied,2026-09-02T23:32:04.990914,2026-09-04T05:11:57+00:00
98380434,applied,applied,2026-09-02T23:32:13.550114,2026-09-04T05:11:57+00:00
98380439,applied,applied,2026-09-02T23:32:21.769981,2026-09-04T05:11:57+00:00
98380453,applied,applied,2026-09-02T23:32:29.937168,2026-09-04T05:11:57+00:00
98381517,applied,applied,2026-09-02T23:32:38.205831,2026-09-04T05:11:57+00:00
98381519,applied,applied,2026-09-02T23:32:46.913981,2026-09-04T05:11:57+00:00
98380458,applied,applied,2026-09-02T23:32:55.214884,2026-09-04T05:11:57+00:00
98380398,applied,applied,2026-09-02T23:33:03.418111,2026-09-04T05:11:57+00:00
98380401,applied,applied,2026-09-02T23:33:12.273984,2026-09-04T05:11:57+00:00
98380703,applied,applied,confirmed_on_sigaa,2026-09-04T05:11:57+00:00
98379750,applied,applied,2026-09-02T23:33:24.623594,2026-09-04T05:11:57+00:00
98379754,applied,applied,2026-09-02T23:33:32.822232,2026-09-04T05:11:57+00:00
98379760,applied,applied,2026-09-02T23:33:41.125005,2026-09-04T05:11:57+00:00
98379762,applied,applied,2026-09-02T23:33:49.290998,2026-09-04T05:11:57+00:00
98379771,applied,applied,2026-09-02T23:33:57.237373,2026-09-04T05:11:57+00:00
98380038,applied,applied,2026-09-02T23:34:05.427361,2026-09-04T05:11:57+00:00
98380057,applied,applied,2026-09-02T23:34:14.373235,2026-09-04T05:11:57+00:00
98380062,applied,applied,2026-09-02T23:34:22.022747,2026-09-04T05:11:57+00:00
98380335,applied,applied,2026-09-02T23:34:29.848504,2026-09-04T05:11:57+00:00
98380336,applied,applied,2026-09-02T23:34:38.004662,2026-09-04T05:11:57+00:00
98380337,applied,applied,2026-09-02T23:34:45.859477,2026-09-04T05:11:57+00:00
98380340,applied,applied,2026-09-02T23:34:54.080379,2026-09-04T05:11:57+00:00
98381472,applied,applied,2026-09-02T23:35:01.853168,2026-09-04T05:11:57+00:00
98381489,applied,applied,2026-09-02T23:35:09.625964,2026-09-04T05:11:57+00:00
98381501,applied,applied,2026-09-02T23:35:18.297924,2026-09-04T05:11:57+00:00
98381308,applied,applied,2026-09-02T23:35:27.117714,2026-09-04T05:11:57+00:00
98381326,applied,applied,2026-09-02T23:35:35.393207,2026-09-04T05:11:57+00:00
98381340,applied,applied,2026-09-02T23:35:43.663104,2026-09-04T05:11:57+00:00
98381366,applied,applied,2026-09-02T23:35:51.903671,2026-09-04T05:11:57+00:00
98380118,applied,applied,2026-09-02T23:35:59.678396,2026-09-04T05:11:57+00:00
98380140,applied,applied,2026-09-02T23:36:08.013727,2026-09-04T05:11:57+00:00
98380146,applied,applied,2026-09-02T23:36:16.067583,2026-09-04T05:11:57+00:00
98380007,applied,applied,2026-09-02T23:36:24.169176,2026-09-04T05:11:57+00:00
98380628,applied,applied,2026-09-02T23:36:32.421790,2026-09-04T05:11:57+00:00
98379902,applied,applied,2026-09-02T23:36:40.114173,2026-09-04T05:11:57+00:00
98379953,applied,applied,2026-09-02T23:36:47.963760,2026-09-04T05:11:57+00:00
98380516,applied,applied,2026-09-02T23:36:56.122769,2026-09-04T05:11:57+00:00
98380608,applied,applied,2026-09-02T23:37:03.985609,2026-09-04T05:11:57+00:00
98380679,applied,applied,2026-09-02T23:37:12.475346,2026-09-04T05:11:57+00:00
98380702,applied,applied,2026-09-02T23:37:20.488775,2026-09-04T05:11:57+00:00
98381541,applied,applied,2026-09-02T23:37:28.658584,2026-09-04T05:11:57+00:00
98381544,applied,applied,2026-09-02T23:37:36.749244,2026-09-04T05:11:57+00:00
98381627,applied,applied,2026-09-02T23:37:44.796494,2026-09-04T05:11:57+00:00
98380362,applied,applied,2026-09-02T23:37:52.796332,2026-09-04T05:11:57+00:00
98381431,applied,applied,2026-09-02T23:38:00.683125,2026-09-04T05:11:57+00:00
98381468,applied,applied,2026-09-02T23:38:08.654846,2026-09-04T05:11:57+00:00
98381077,applied,applied,2026-09-02T23:38:16.791178,2026-09-04T05:11:57+00:00
98381089,applied,applied,2026-09-02T23:38:24.910773,2026-09-04T05:11:57+00:00
