table_name,column_name,data_type,is_nullable,ordinal_position
analysis_documents,entity_type,VARCHAR,YES,1
analysis_documents,entity_id,VARCHAR,YES,2
analysis_documents,document_text,VARCHAR,YES,3
analysis_documents,document_hash,VARCHAR,YES,4
analysis_documents,built_at,VARCHAR,YES,5
analysis_scores,entity_type,VARCHAR,YES,1
analysis_scores,entity_id,VARCHAR,YES,2
analysis_scores,tfidf_similarity,DOUBLE,YES,3
analysis_scores,lsa_similarity,DOUBLE,YES,4
analysis_scores,bm25_similarity,DOUBLE,YES,5
analysis_scores,combined_score,DOUBLE,YES,6
analysis_scores,cluster_id,BIGINT,YES,7
analysis_scores,x,DOUBLE,YES,8
analysis_scores,y,DOUBLE,YES,9
analysis_scores,analyzed_at,VARCHAR,YES,10
analysis_topics,topic_id,BIGINT,YES,1
analysis_topics,label,VARCHAR,YES,2
analysis_topics,top_terms_json,VARCHAR,YES,3
analysis_topics,analyzed_at,VARCHAR,YES,4
applications,id_opportunity,VARCHAR,NO,1
applications,status,VARCHAR,YES,2
applications,raw_status,VARCHAR,YES,3
applications,applied_at,VARCHAR,YES,4
applications,synced_at,VARCHAR,YES,5
campaign_messages,campaign_id,VARCHAR,YES,1
campaign_messages,siape,VARCHAR,YES,2
campaign_messages,subject,VARCHAR,YES,3
campaign_messages,body,VARCHAR,YES,4
campaign_messages,is_customized,BOOLEAN,YES,5
campaign_messages,status,VARCHAR,YES,6
campaign_messages,rendered_at,VARCHAR,YES,7
campaign_messages,sent_at,VARCHAR,YES,8
campaign_messages,provider_message_id,VARCHAR,YES,9
campaign_messages,error,VARCHAR,YES,10
campaign_recipients,campaign_id,VARCHAR,YES,1
campaign_recipients,siape,VARCHAR,YES,2
campaign_recipients,professor_name,VARCHAR,YES,3
campaign_recipients,email,VARCHAR,YES,4
campaign_recipients,qualifying_evidence_json,VARCHAR,YES,5
campaign_recipients,selection_score,DOUBLE,YES,6
campaign_recipients,selected,BOOLEAN,YES,7
campaign_recipients,created_at,VARCHAR,YES,8
campaigns,campaign_id,VARCHAR,NO,1
campaigns,name,VARCHAR,YES,2
campaigns,audience_query_json,VARCHAR,YES,3
campaigns,subject_template,VARCHAR,YES,4
campaigns,body_template,VARCHAR,YES,5
campaigns,status,VARCHAR,YES,6
campaigns,created_at,VARCHAR,YES,7
campaigns,updated_at,VARCHAR,YES,8
collaboration_edges,source_siape,VARCHAR,YES,1
collaboration_edges,target_siape,VARCHAR,YES,2
collaboration_edges,collaborator_name,VARCHAR,YES,3
collaboration_edges,weight,BIGINT,YES,4
collaboration_edges,calculated_at,VARCHAR,YES,5
entity_topics,entity_type,VARCHAR,YES,1
entity_topics,entity_id,VARCHAR,YES,2
entity_topics,topic_id,BIGINT,YES,3
entity_topics,weight,DOUBLE,YES,4
entity_topics,analyzed_at,VARCHAR,YES,5
global_metrics,metric,VARCHAR,NO,1
global_metrics,value,DOUBLE,YES,2
global_metrics,payload_json,VARCHAR,YES,3
global_metrics,calculated_at,VARCHAR,YES,4
meta,key,VARCHAR,NO,1
meta,value,VARCHAR,YES,2
meta,updated_at,VARCHAR,YES,3
opportunities,id_opportunity,VARCHAR,NO,1
opportunities,project_code,VARCHAR,YES,2
opportunities,project_title,VARCHAR,YES,3
opportunities,plan_title,VARCHAR,YES,4
opportunities,professor_siape,VARCHAR,YES,5
opportunities,professor_name,VARCHAR,YES,6
opportunities,vacancies_text,VARCHAR,YES,7
opportunities,funded_slots,BIGINT,YES,8
opportunities,has_funding,BOOLEAN,YES,9
opportunities,funding_basis,VARCHAR,YES,10
opportunities,unit,VARCHAR,YES,11
opportunities,department,VARCHAR,YES,12
opportunities,center,VARCHAR,YES,13
opportunities,large_area,VARCHAR,YES,14
opportunities,area,VARCHAR,YES,15
opportunities,edital,VARCHAR,YES,16
opportunities,quota,VARCHAR,YES,17
opportunities,status,VARCHAR,YES,18
opportunities,has_apply_link,BOOLEAN,YES,19
opportunities,has_details_link,BOOLEAN,YES,20
opportunities,details_collected,BOOLEAN,YES,21
opportunities,introduction_justification,VARCHAR,YES,22
opportunities,objectives,VARCHAR,YES,23
opportunities,methodology,VARCHAR,YES,24
opportunities,acquired_skills,VARCHAR,YES,25
opportunities,references_text,VARCHAR,YES,26
opportunities,discovered_at,VARCHAR,YES,27
opportunities,updated_at,VARCHAR,YES,28
opportunities,applied_at,VARCHAR,YES,29
professor_aliases,alias,VARCHAR,YES,1
professor_aliases,normalized_alias,VARCHAR,YES,2
professor_aliases,siape,VARCHAR,YES,3
professor_aliases,source,VARCHAR,YES,4
professor_aliases,match_score,DOUBLE,YES,5
professor_aliases,created_at,VARCHAR,YES,6
professor_metrics,siape,VARCHAR,NO,1
professor_metrics,opportunity_count,BIGINT,YES,2
professor_metrics,funded_opportunity_count,BIGINT,YES,3
professor_metrics,funded_slots,BIGINT,YES,4
professor_metrics,current_year_public_projects,BIGINT,YES,5
professor_metrics,public_project_count,BIGINT,YES,6
professor_metrics,lattes_project_count,BIGINT,YES,7
professor_metrics,publication_count,BIGINT,YES,8
professor_metrics,funding_agency_count,BIGINT,YES,9
professor_metrics,collaborator_count,BIGINT,YES,10
professor_metrics,lattes_leaf_count,BIGINT,YES,11
professor_metrics,research_area_count,BIGINT,YES,12
professor_metrics,semantic_fit,DOUBLE,YES,13
professor_metrics,calculated_at,VARCHAR,YES,14
professors,siape,VARCHAR,NO,1
professors,canonical_name,VARCHAR,YES,2
professors,department,VARCHAR,YES,3
professors,unit,VARCHAR,YES,4
professors,center,VARCHAR,YES,5
professors,email,VARCHAR,YES,6
professors,phone,VARCHAR,YES,7
professors,profile_url,VARCHAR,YES,8
professors,photo_url,VARCHAR,YES,9
professors,lattes_id,VARCHAR,YES,10
professors,lattes_update_date,VARCHAR,YES,11
professors,lattes_update_time,VARCHAR,YES,12
professors,profile_summary,VARCHAR,YES,13
professors,public_scraped_at,VARCHAR,YES,14
professors,source_json_path,VARCHAR,YES,15
projects,project_code,VARCHAR,NO,1
projects,title,VARCHAR,YES,2
projects,area,VARCHAR,YES,3
projects,first_seen_at,VARCHAR,YES,4
projects,last_seen_at,VARCHAR,YES,5
semantic_benchmarks,model_id,VARCHAR,YES,1
semantic_benchmarks,benchmark,VARCHAR,YES,2
semantic_benchmarks,channel,VARCHAR,YES,3
semantic_benchmarks,metric,VARCHAR,YES,4
semantic_benchmarks,value,DOUBLE,YES,5
semantic_benchmarks,payload_json,VARCHAR,YES,6
semantic_benchmarks,analyzed_at,VARCHAR,YES,7
semantic_entity_scores,model_id,VARCHAR,YES,1
semantic_entity_scores,entity_type,VARCHAR,YES,2
semantic_entity_scores,entity_id,VARCHAR,YES,3
semantic_entity_scores,domain_word,DOUBLE,YES,4
semantic_entity_scores,domain_char,DOUBLE,YES,5
semantic_entity_scores,domain_lsa,DOUBLE,YES,6
semantic_entity_scores,domain_bm25f,DOUBLE,YES,7
semantic_entity_scores,domain_fit,DOUBLE,YES,8
semantic_entity_scores,method_word,DOUBLE,YES,9
semantic_entity_scores,method_char,DOUBLE,YES,10
semantic_entity_scores,method_lsa,DOUBLE,YES,11
semantic_entity_scores,method_bm25f,DOUBLE,YES,12
semantic_entity_scores,method_fit,DOUBLE,YES,13
semantic_entity_scores,skill_word,DOUBLE,YES,14
semantic_entity_scores,skill_char,DOUBLE,YES,15
semantic_entity_scores,skill_lsa,DOUBLE,YES,16
semantic_entity_scores,skill_bm25f,DOUBLE,YES,17
semantic_entity_scores,skill_fit,DOUBLE,YES,18
semantic_entity_scores,combined_fit,DOUBLE,YES,19
semantic_entity_scores,cluster_id,BIGINT,YES,20
semantic_entity_scores,x,DOUBLE,YES,21
semantic_entity_scores,y,DOUBLE,YES,22
semantic_entity_scores,analyzed_at,VARCHAR,YES,23
semantic_entity_topics,model_id,VARCHAR,YES,1
semantic_entity_topics,entity_type,VARCHAR,YES,2
semantic_entity_topics,entity_id,VARCHAR,YES,3
semantic_entity_topics,space,VARCHAR,YES,4
semantic_entity_topics,topic_id,BIGINT,YES,5
semantic_entity_topics,weight,DOUBLE,YES,6
semantic_entity_topics,analyzed_at,VARCHAR,YES,7
semantic_professor_evidence,model_id,VARCHAR,YES,1
semantic_professor_evidence,siape,VARCHAR,YES,2
semantic_professor_evidence,evidence_rank,BIGINT,YES,3
semantic_professor_evidence,item_type,VARCHAR,YES,4
semantic_professor_evidence,item_id,VARCHAR,YES,5
semantic_professor_evidence,label,VARCHAR,YES,6
semantic_professor_evidence,score,DOUBLE,YES,7
semantic_professor_evidence,payload_json,VARCHAR,YES,8
semantic_professor_evidence,analyzed_at,VARCHAR,YES,9
semantic_runs,model_id,VARCHAR,NO,1
semantic_runs,corpus_hash,VARCHAR,YES,2
semantic_runs,config_json,VARCHAR,YES,3
semantic_runs,corpus_stats_json,VARCHAR,YES,4
semantic_runs,benchmark_json,VARCHAR,YES,5
semantic_runs,created_at,VARCHAR,YES,6
semantic_topics,model_id,VARCHAR,YES,1
semantic_topics,space,VARCHAR,YES,2
semantic_topics,topic_id,BIGINT,YES,3
semantic_topics,label,VARCHAR,YES,4
semantic_topics,top_terms_json,VARCHAR,YES,5
semantic_topics,diagnostics_json,VARCHAR,YES,6
semantic_topics,analyzed_at,VARCHAR,YES,7
sigaa_public_errors,stage,VARCHAR,YES,1
sigaa_public_errors,siape,VARCHAR,YES,2
sigaa_public_errors,input_index,BIGINT,YES,3
sigaa_public_errors,input_name,VARCHAR,YES,4
sigaa_public_errors,url,VARCHAR,YES,5
sigaa_public_errors,error,VARCHAR,YES,6
sigaa_public_errors,traceback,VARCHAR,YES,7
sigaa_public_errors,occurred_at_utc,VARCHAR,YES,8
sigaa_public_fetches,siape,VARCHAR,YES,1
sigaa_public_fetches,scope,VARCHAR,YES,2
sigaa_public_fetches,page_type,VARCHAR,YES,3
sigaa_public_fetches,url,VARCHAR,YES,4
sigaa_public_fetches,fetched_at_utc,TIMESTAMP,YES,5
sigaa_public_fetches,status_code,BIGINT,YES,6
sigaa_public_fetches,content_type,VARCHAR,YES,7
sigaa_public_fetches,detected_encoding,VARCHAR,YES,8
sigaa_public_fetches,bytes,BIGINT,YES,9
sigaa_public_fetches,sha256,VARCHAR,YES,10
sigaa_public_fetches,local_path,VARCHAR,YES,11
sigaa_public_fetches,from_cache,BOOLEAN,YES,12
sigaa_public_fetches,error,VARCHAR,YES,13
sigaa_public_fields,siape,VARCHAR,YES,1
sigaa_public_fields,page_type,VARCHAR,YES,2
sigaa_public_fields,url,VARCHAR,YES,3
sigaa_public_fields,kind,VARCHAR,YES,4
sigaa_public_fields,ordinal,BIGINT,YES,5
sigaa_public_fields,key,VARCHAR,YES,6
sigaa_public_fields,value,VARCHAR,YES,7
sigaa_public_fields,meta_json,VARCHAR,YES,8
sigaa_public_forms,siape,VARCHAR,YES,1
sigaa_public_forms,page_type,VARCHAR,YES,2
sigaa_public_forms,url,VARCHAR,YES,3
sigaa_public_forms,form_index,BIGINT,YES,4
sigaa_public_forms,method,VARCHAR,YES,5
sigaa_public_forms,action,VARCHAR,YES,6
sigaa_public_forms,attrs_json,VARCHAR,YES,7
sigaa_public_forms,controls_json,VARCHAR,YES,8
sigaa_public_images,siape,VARCHAR,YES,1
sigaa_public_images,page_type,VARCHAR,YES,2
sigaa_public_images,source_url,VARCHAR,YES,3
sigaa_public_images,image_index,BIGINT,YES,4
sigaa_public_images,src_raw,VARCHAR,YES,5
sigaa_public_images,src_abs,VARCHAR,YES,6
sigaa_public_images,alt,VARCHAR,YES,7
sigaa_public_images,attrs_json,VARCHAR,YES,8
sigaa_public_input_matches,input_index,BIGINT,YES,1
sigaa_public_input_matches,input_name,VARCHAR,YES,2
sigaa_public_input_matches,input_department,VARCHAR,YES,3
sigaa_public_input_matches,resolution_status,VARCHAR,YES,4
sigaa_public_input_matches,siape,VARCHAR,YES,5
sigaa_public_input_matches,sigaa_name,VARCHAR,YES,6
sigaa_public_input_matches,sigaa_department,VARCHAR,YES,7
sigaa_public_input_matches,match_method,VARCHAR,YES,8
sigaa_public_input_matches,match_score,DOUBLE,YES,9
sigaa_public_input_matches,profile_url,VARCHAR,YES,10
sigaa_public_input_professors,input_index,BIGINT,YES,1
sigaa_public_input_professors,orientador,VARCHAR,YES,2
sigaa_public_input_professors,departamento,VARCHAR,YES,3
sigaa_public_input_professors,unidade,VARCHAR,YES,4
sigaa_public_input_professors,centro,VARCHAR,YES,5
sigaa_public_input_professors,total_planos,VARCHAR,YES,6
sigaa_public_input_professors,total_vagas_remuneradas,VARCHAR,YES,7
sigaa_public_input_professors,areas_cnpq,VARCHAR,YES,8
sigaa_public_input_professors,codigos_projetos,VARCHAR,YES,9
sigaa_public_input_professors,editais,VARCHAR,YES,10
sigaa_public_input_professors,ids_oportunidades,VARCHAR,YES,11
sigaa_public_input_professors,titulos_planos,VARCHAR,YES,12
sigaa_public_input_professors,row_json,VARCHAR,YES,13
sigaa_public_lattes_documents,siape,VARCHAR,YES,1
sigaa_public_lattes_documents,lattes_id,VARCHAR,YES,2
sigaa_public_lattes_documents,source_system,VARCHAR,YES,3
sigaa_public_lattes_documents,update_date,VARCHAR,YES,4
sigaa_public_lattes_documents,update_time,VARCHAR,YES,5
sigaa_public_lattes_documents,raw_object_path,VARCHAR,YES,6
sigaa_public_lattes_documents,raw_json_path,VARCHAR,YES,7
sigaa_public_lattes_documents,normalized_json_path,VARCHAR,YES,8
sigaa_public_lattes_documents,curriculo_json,VARCHAR,YES,9
sigaa_public_lattes_documents,parse_error,VARCHAR,YES,10
sigaa_public_lattes_flat,siape,VARCHAR,YES,1
sigaa_public_lattes_flat,lattes_id,VARCHAR,YES,2
sigaa_public_lattes_flat,path,VARCHAR,YES,3
sigaa_public_lattes_flat,value_type,VARCHAR,YES,4
sigaa_public_lattes_flat,value_text,VARCHAR,YES,5
sigaa_public_links,siape,VARCHAR,YES,1
sigaa_public_links,page_type,VARCHAR,YES,2
sigaa_public_links,source_url,VARCHAR,YES,3
sigaa_public_links,link_index,BIGINT,YES,4
sigaa_public_links,text,VARCHAR,YES,5
sigaa_public_links,href_raw,VARCHAR,YES,6
sigaa_public_links,href_abs,VARCHAR,YES,7
sigaa_public_links,title,VARCHAR,YES,8
sigaa_public_links,attrs_json,VARCHAR,YES,9
sigaa_public_pages,siape,VARCHAR,YES,1
sigaa_public_pages,page_type,VARCHAR,YES,2
sigaa_public_pages,detail_depth,BIGINT,YES,3
sigaa_public_pages,url,VARCHAR,YES,4
sigaa_public_pages,title,VARCHAR,YES,5
sigaa_public_pages,professor_name,VARCHAR,YES,6
sigaa_public_pages,department,VARCHAR,YES,7
sigaa_public_pages,status,VARCHAR,YES,8
sigaa_public_pages,visible_text,VARCHAR,YES,9
sigaa_public_pages,raw_path,VARCHAR,YES,10
sigaa_public_professors,siape,VARCHAR,YES,1
sigaa_public_professors,name,VARCHAR,YES,2
sigaa_public_professors,department,VARCHAR,YES,3
sigaa_public_professors,status,VARCHAR,YES,4
sigaa_public_professors,profile_url,VARCHAR,YES,5
sigaa_public_professors,photo_url,VARCHAR,YES,6
sigaa_public_professors,lattes_id,VARCHAR,YES,7
sigaa_public_professors,lattes_update_date,VARCHAR,YES,8
sigaa_public_professors,lattes_update_time,VARCHAR,YES,9
sigaa_public_professors,professor_json_path,VARCHAR,YES,10
sigaa_public_resolution_candidates,input_index,BIGINT,YES,1
sigaa_public_resolution_candidates,input_name,VARCHAR,YES,2
sigaa_public_resolution_candidates,candidate_rank,BIGINT,YES,3
sigaa_public_resolution_candidates,siape,VARCHAR,YES,4
sigaa_public_resolution_candidates,candidate_name,VARCHAR,YES,5
sigaa_public_resolution_candidates,candidate_department,VARCHAR,YES,6
sigaa_public_resolution_candidates,profile_url,VARCHAR,YES,7
sigaa_public_resolution_candidates,score,DOUBLE,YES,8
sigaa_public_table_rows,siape,VARCHAR,YES,1
sigaa_public_table_rows,page_type,VARCHAR,YES,2
sigaa_public_table_rows,url,VARCHAR,YES,3
sigaa_public_table_rows,table_index,BIGINT,YES,4
sigaa_public_table_rows,table_caption,VARCHAR,YES,5
sigaa_public_table_rows,table_attrs_json,VARCHAR,YES,6
sigaa_public_table_rows,row_index,BIGINT,YES,7
sigaa_public_table_rows,row_attrs_json,VARCHAR,YES,8
sigaa_public_table_rows,cells_json,VARCHAR,YES,9
sigaa_public_table_rows,cell_texts_json,VARCHAR,YES,10
sigaa_public_text_nodes,siape,VARCHAR,YES,1
sigaa_public_text_nodes,page_type,VARCHAR,YES,2
sigaa_public_text_nodes,url,VARCHAR,YES,3
sigaa_public_text_nodes,node_index,BIGINT,YES,4
sigaa_public_text_nodes,text,VARCHAR,YES,5
sigaa_public_text_nodes,parent_tag,VARCHAR,YES,6
sigaa_public_text_nodes,parent_id,VARCHAR,YES,7
sigaa_public_text_nodes,parent_classes_json,VARCHAR,YES,8
sigaa_public_text_nodes,dom_path,VARCHAR,YES,9
sync_runs,run_id,VARCHAR,YES,1
sync_runs,source,VARCHAR,YES,2
sync_runs,started_at,VARCHAR,YES,3
sync_runs,finished_at,VARCHAR,YES,4
sync_runs,status,VARCHAR,YES,5
sync_runs,details_json,VARCHAR,YES,6
