model_id,siape,evidence_rank,item_type,item_id,label,score,payload_json,analyzed_at
semv2-efe88180e47a6fc1,1627935,1,publication,766e60e29fae25bf,ANALISE EPIDEMIOLOGICA DA MORBIMORTALIDADE POR FEBRE REUMATICA E DOS CUSTOS PARA O SISTEMA UNICO DE SAUDE NO BRASIL NO PERIODO DE 2015 A 2024,0.5956467574114633,"{""word"":0.053009996109462845,""char"":0.2587374069239839,""lsa"":0.7032216083567754}",2026-09-04T06:34:12+00:00
semv2-efe88180e47a6fc1,1627935,2,publication,217f115ef23f28cb,Apoio à análise dos resultados e construção de relatórios da revisão sistemática sobre transplante pré-emptivo em crianças com DRCT,0.46685820061581657,"{""word"":0.11065756064913768,""char"":0.1957803112372213,""lsa"":0.6684764911264447}",2026-09-04T06:34:12+00:00
semv2-efe88180e47a6fc1,1627935,3,lattes_area,cd90beb3e158f979,Medicina,0.4057307673029269,"{""word"":0.17446012266975075,""char"":0.20104429959571732,""lsa"":0.38472108861147375}",2026-09-04T06:34:12+00:00
semv2-efe88180e47a6fc1,1627935,4,opportunity,98379540,Avaliação de elegibilidade na íntegra e extração padronizada de dados de estudos sobre bronquiolite viral,0.4037067772201818,"{""word"":0.06336902650672448,""char"":0.21777597860789485,""lsa"":0.5875169239275483}",2026-09-04T06:34:12+00:00
semv2-efe88180e47a6fc1,1627935,5,opportunity,98379538,"Execução da busca sistemática, gerenciamento de referências e triagem inicial de estudos sobre bronquiolite viral",0.3658232704812035,"{""word"":0.0898650600828637,""char"":0.20063139710665817,""lsa"":0.5801450082905579}",2026-09-04T06:34:12+00:00
semv2-efe88180e47a6fc1,2194196,1,lattes_project,4bedb592ae188782,Efetividade da técnica do Socket Shield comparada à implantação imediata convencional para reabilitações na área estética: uma revisão sistemática do tipo Umbrella e metanálise,0.4720536237955592,"{""word"":0.08160959742604972,""char"":0.19476669974823357,""lsa"":0.73433467703814}",2026-09-04T06:34:12+00:00
semv2-efe88180e47a6fc1,2194196,2,lattes_project,ca8d00feead56c85,Risco de morte por um evento cardiovascular em pessoas que escovam os dentes menos de duas vezes por dia: revisão sistemática.,0.43040509537774646,"{""word"":0.08859760379281247,""char"":0.2023703780664865,""lsa"":0.6160071967485016}",2026-09-04T06:34:12+00:00
semv2-efe88180e47a6fc1,2194196,3,lattes_project,00b494ed0eea4958,Eficácia da acupuntura a laser na redução dos sintomas de Disfunção Temporomandibular: uma revisão sistemática e metanálise,0.4226561868495056,"{""word"":0.12610663804132854,""char"":0.22505440937038465,""lsa"":0.462309080059822}",2026-09-04T06:34:12+00:00
semv2-efe88180e47a6fc1,2194196,4,lattes_project,94f81646415354c1,Efetividade do Laser de baixa potência na prevenção da mucosite oral em pacientes submetidos à quimiorradioterapia por causa de cânceres de cabeça e pescoço: revisâo sistemática e meta-análise,0.3895527040742351,"{""word"":0.057839328718812213,""char"":0.18746857391443444,""lsa"":0.6874928024737197}",2026-09-04T06:34:12+00:00
semv2-efe88180e47a6fc1,2194196,5,lattes_area,ddc88632aa87cf89,Probabilidade e Estatística,0.37006815161260737,"{""word"":0.07456734080303622,""char"":0.23688421499030332,""lsa"":0.36797320193350413}",2026-09-04T06:34:12+00:00
semv2-efe88180e47a6fc1,2024367,1,lattes_area,8bfa3f85e23c0416,Medicina,0.3712640790837155,"{""word"":0.17446012266975075,""char"":0.20104429959571732,""lsa"":0.38472108861147364}",2026-09-04T06:34:12+00:00
semv2-efe88180e47a6fc1,2024367,2,lattes_area,32ca2e2c7dc5657a,Medicina Veterinária,0.14594348935708235,"{""word"":0.07671263532901876,""char"":0.11483160603036237,""lsa"":0.18824903097477488}",2026-09-04T06:34:12+00:00
semv2-efe88180e47a6fc1,2024367,3,publication,ac2a3af4e7954f27,Dipodascus capitatus (Geotrichum capitatum): infecção sistêmica fatal em paciente com leucemia mielocítica aguda,0.14422492102722664,"{""word"":0.0,""char"":0.08085589862437251,""lsa"":0.5699819335801019}",2026-09-04T06:34:12+00:00
semv2-efe88180e47a6fc1,2024367,4,lattes_project,4a06990808929e9b,"Edital CNPq/MCTI 06/2020 - Pesquisa e Desenvolvimento para Enfrentamento de Derramamento de Óleo na Costa Brasileira - Programa Ciência no Mar - Biodegradação, biorremediação, e monitoramento de petróleo em sistemas marinhos da Amazônia Azul",0.10663822031018075,"{""word"":0.05343549102808415,""char"":0.10773456642037155,""lsa"":0.2984025446058606}",2026-09-04T06:34:12+00:00
semv2-efe88180e47a6fc1,2024367,5,opportunity,98379594,Prospecção de leveduras isoladas da Caatinga alagoana quanto à produção de enzimas,0.09509292332821745,"{""word"":0.008869707211774606,""char"":0.16119960986025006,""lsa"":0.35458781088392405}",2026-09-04T06:34:12+00:00
semv2-efe88180e47a6fc1,1241177,1,publication,e95e47f68977bdf9,Avaliação da eficácia dos exercícios de resistência muscular em pacientes com insuficiência cardíaca crônica: revisão sistemática e metanálise,0.6985906672368816,"{""word"":0.12468552235945124,""char"":0.27199776507659457,""lsa"":0.6543467418525744}",2026-09-04T06:34:12+00:00
semv2-efe88180e47a6fc1,1241177,2,lattes_project,b0feaeaf53ecb4b4,Comparação entre o Implante Transcateter de Válvula Aórtica (TAVI) e a Cirurgia Convencional no Tratamento da Estenose Aórtica: Uma Revisão Sistemática e Metanálise,0.6554099931874549,"{""word"":0.1833515769965915,""char"":0.20049576858958726,""lsa"":0.6852275228322827}",2026-09-04T06:34:12+00:00
semv2-efe88180e47a6fc1,1241177,3,publication,85c7d456243a4151,Triagem de estudos e aplicação do modelo PICOS em revisão sistemática sobre exercícios de resistência em pacientes com insuficiência cardíaca crônica,0.5415299716091145,"{""word"":0.05989810853323557,""char"":0.23937078582907975,""lsa"":0.665854455269617}",2026-09-04T06:34:12+00:00
semv2-efe88180e47a6fc1,1241177,4,opportunity,98379607,REVISÃO DA LITERATURA E ANÁLISE BIOESTATÍSTICA DA ANÁLISE DA ONDA DE PULSO COMO PREDITOR DE PRÉ-ECLÂMPSIA,0.5376859824443317,"{""word"":0.09528907809210413,""char"":0.25941720807112695,""lsa"":0.5447477718692525}",2026-09-04T06:34:12+00:00
semv2-efe88180e47a6fc1,1241177,5,lattes_area,edf5867fb7297f39,Medicina,0.4518552727830178,"{""word"":0.17446012266975075,""char"":0.20104429959571732,""lsa"":0.38472108861147386}",2026-09-04T06:34:12+00:00
semv2-efe88180e47a6fc1,1265949,1,publication,c561956e7a608784,Temas controversos no ensino de Ciências e Biologia: uma revisão sistemática de literatura,0.3629041209686371,"{""word"":0.07307103834145813,""char"":0.20929395206238435,""lsa"":0.5471623085601068}",2026-09-04T06:34:12+00:00
semv2-efe88180e47a6fc1,1265949,2,opportunity,98379609,ANÁLISE DE PROPOSTAS DIDÁTICAS COM TEMAS CONTROVERSOS NA FORMAÇÃO DOCENTE NO ENSINO DE CIÊNCIAS E BIOLOGIA,0.2317398537889349,"{""word"":0.018805265053420585,""char"":0.2110460145565772,""lsa"":0.46107755391892186}",2026-09-04T06:34:12+00:00
semv2-efe88180e47a6fc1,1265949,3,publication,862cf4211b0a47df,Neurociência e aprendizagem na formação inicial de professores de Ciências e Biologia,0.18968047022540838,"{""word"":0.0,""char"":0.20682781393154226,""lsa"":0.39193144020083603}",2026-09-04T06:34:12+00:00
semv2-efe88180e47a6fc1,1265949,4,opportunity,98379784,Inteligência Artificial generativa e personalização do ensino de Ciências e Biologia,0.18779868162818475,"{""word"":0.04826147814306975,""char"":0.19432209920921398,""lsa"":0.4375503813747291}",2026-09-04T06:34:12+00:00
semv2-efe88180e47a6fc1,1265949,5,opportunity,98381763,CONCEPÇÕES DE LICENCIANDOS EM CIÊNCIAS BIOLÓGICAS SOBRE TEMAS CONTROVERSOS E SUAS IMPLICAÇÕES PARA A FORMAÇÃO INICIAL,0.17009402145613386,"{""word"":0.007535513914450485,""char"":0.20093096403795963,""lsa"":0.466803090208108}",2026-09-04T06:34:12+00:00
semv2-efe88180e47a6fc1,4420437,1,opportunity,98379724,Assistência técnica à revisão sistemática e à organização dos dados sobre tuberculose extrapulmonar em Alagoas,0.6861542370976332,"{""word"":0.0917401146524587,""char"":0.2729811038334805,""lsa"":0.6635373593202093}",2026-09-04T06:34:12+00:00
semv2-efe88180e47a6fc1,4420437,2,opportunity,98379723,Classificação anatomopatológica e estruturação da base de dados da tuberculose extrapulmonar para análise estatística,0.6379140976284451,"{""word"":0.08804780368082148,""char"":0.2702097034887115,""lsa"":0.6404373525109729}",2026-09-04T06:34:12+00:00
semv2-efe88180e47a6fc1,4420437,3,opportunity,98379721,"Coleta, organização e análise preliminar dos laudos anatomopatológicos de tuberculose extrapulmonar em Alagoas",0.6001330876330876,"{""word"":0.07797621012452127,""char"":0.2629655095945765,""lsa"":0.6453515415788227}",2026-09-04T06:34:12+00:00
semv2-efe88180e47a6fc1,4420437,4,opportunity,98379725,Auxílio na análise descritiva e elaboração de relatórios preliminares sobre o perfil anatomopatológico e demográfico da tuberculose extrapulmonar,0.5801165182286933,"{""word"":0.07027786453479265,""char"":0.2440008941642383,""lsa"":0.6757640897238321}",2026-09-04T06:34:12+00:00
semv2-efe88180e47a6fc1,4420437,5,lattes_area,c41b4a052432cd0e,Medicina,0.31588689088689087,"{""word"":0.17446012266975075,""char"":0.20104429959571732,""lsa"":0.3847210886114736}",2026-09-04T06:34:12+00:00
semv2-efe88180e47a6fc1,1974414,1,lattes_area,ca8313b369e7670b,Medicina,0.37477232199366206,"{""word"":0.17446012266975075,""char"":0.20104429959571732,""lsa"":0.3847210886114737}",2026-09-04T06:34:12+00:00
semv2-efe88180e47a6fc1,1974414,2,opportunity,98379754,Padronização a análise de hemócitos por citometria de fluxo em G. mellonella como ferramenta para avaliação de respostas imunológicas,0.18616708219416359,"{""word"":0.024372699876468562,""char"":0.2019259481492442,""lsa"":0.38806491259805703}",2026-09-04T06:34:12+00:00
semv2-efe88180e47a6fc1,1974414,3,opportunity,98380038,Avaliação da toxicidade após a exposição ao vapor de cigarro eletrônico em Galleria mellonella,0.18569601577798672,"{""word"":0.05088250071919148,""char"":0.20100772849761395,""lsa"":0.3819845028547963}",2026-09-04T06:34:12+00:00
semv2-efe88180e47a6fc1,1974414,4,lattes_project,650c920affbc6c82,"ANÁLISE DA NEUROPLASTICIDADE HIPOCAMPAL EM ANIMAIS PRÉ-TRATADOS COM GAL-1 E SGLT, APÓS STATUS EPILEPTICUS",0.14102764245427504,"{""word"":0.03733329464735529,""char"":0.1287614201783253,""lsa"":0.48609767167724466}",2026-09-04T06:34:12+00:00
semv2-efe88180e47a6fc1,1974414,5,profile,1974414,olagide wagner de castro,0.1407187603388485,"{""word"":0.034701254305650256,""char"":0.18722689946158363,""lsa"":0.37549432574909464}",2026-09-04T06:34:12+00:00
semv2-efe88180e47a6fc1,1756620,1,lattes_project,c03ed770be100974,Análise dos dados do Monitoramento de Praias de Alagoas ? PMP/AL,0.4034391669706665,"{""word"":0.17722899853042293,""char"":0.17511050114705914,""lsa"":0.32145310793144344}",2026-09-04T06:34:12+00:00
semv2-efe88180e47a6fc1,1756620,2,publication,d813e807579da89f,Análise e interferências no sucesso reprodutivo do Sula dactylatra (atobá mascarado) nas colônias de nidificação do Brasil,0.170822469620179,"{""word"":0.04555315577302203,""char"":0.11244778915904367,""lsa"":0.5219937940140504}",2026-09-04T06:34:12+00:00
semv2-efe88180e47a6fc1,1756620,3,lattes_area,f8621e3c55447e6a,Medicina Veterinária,0.1465070429004765,"{""word"":0.07671263532901876,""char"":0.11483160603036237,""lsa"":0.18824903097477483}",2026-09-04T06:34:12+00:00
semv2-efe88180e47a6fc1,1756620,4,opportunity,98379769,Dinâmica espaço-temporal de aves limícolas migratórias em áreas urbanas da APA Costa dos Corais,0.07320405418017628,"{""word"":0.007622996689027498,""char"":0.1319041911800889,""lsa"":0.33102602549226995}",2026-09-04T06:34:12+00:00
semv2-efe88180e47a6fc1,1756620,5,profile,1756620,marcio amorim efe,0.06966172139835419,"{""word"":0.011945217276555262,""char"":0.1409804075779377,""lsa"":0.21757299391038745}",2026-09-04T06:34:12+00:00
semv2-efe88180e47a6fc1,2106371,1,opportunity,98379794,FUNDAMENTAÇÃO TEÓRICO-PEDAGÓGICA E PLANEJAMENTO DE OFICINAS DE LETRAMENTO EM SAÚDE SOBRE ALBINISMO,0.45232464268630135,"{""word"":0.07446265254950848,""char"":0.23489220022910978,""lsa"":0.5704561042485753}",2026-09-04T06:34:12+00:00
semv2-efe88180e47a6fc1,2106371,2,opportunity,98379800,PRODUÇÃO CIENTÍFICA E DISSEMINAÇÃO DOS RESULTADOS DAS OFICINAS DE LETRAMENTO EM SAÚDE SOBRE ALBINISMO,0.44322918231113806,"{""word"":0.07775041672730983,""char"":0.23560095063594466,""lsa"":0.5394441476466634}",2026-09-04T06:34:12+00:00
semv2-efe88180e47a6fc1,2106371,3,lattes_area,49fec9863e361e63,Medicina,0.3653263026149176,"{""word"":0.17446012266975075,""char"":0.20104429959571732,""lsa"":0.38472108861147364}",2026-09-04T06:34:12+00:00
semv2-efe88180e47a6fc1,2106371,4,opportunity,98379796,"MOBILIZAÇÃO SOCIAL, RECRUTAMENTO E EXECUÇÃO DAS OFICINAS DE LETRAMENTO EM SAÚDE",0.356734188959332,"{""word"":0.06408465598570579,""char"":0.22415148075051936,""lsa"":0.506410380552889}",2026-09-04T06:34:12+00:00
semv2-efe88180e47a6fc1,2106371,5,publication,491e58638c795e64,Actividades extracurriculares en la educación médica: una revisión sistemática de la literatura,0.2957030613040318,"{""word"":0.0336412036843955,""char"":0.13742813501157244,""lsa"":0.6750237005309258}",2026-09-04T06:34:12+00:00
semv2-efe88180e47a6fc1,1556562,1,lattes_area,d1bea24a331b0d35,Medicina,0.41660702029715047,"{""word"":0.17446012266975075,""char"":0.20104429959571732,""lsa"":0.3847210886114737}",2026-09-04T06:34:12+00:00
semv2-efe88180e47a6fc1,1556562,2,opportunity,98379994,Mapeamento e Avaliação Antigênica de Epítopos de Proteínas Estruturais do Vírus Oropouche,0.24851668554362577,"{""word"":0.03648754093438136,""char"":0.21237849155191202,""lsa"":0.4405227701879606}",2026-09-04T06:34:12+00:00
semv2-efe88180e47a6fc1,1556562,3,profile,1556562,abelardo silva junior,0.15828534097966326,"{""word"":0.05330792606886198,""char"":0.1806050732923051,""lsa"":0.3526596637172202}",2026-09-04T06:34:12+00:00
semv2-efe88180e47a6fc1,1556562,4,opportunity,98379819,Monitoramento sorológico da circulação do vírus Oropouche em Alagoas por meio de ELISA: subsídios para vigilância e resposta em saúde pública,0.1497729156961724,"{""word"":0.03269348018962527,""char"":0.1837347240550489,""lsa"":0.4255319786759028}",2026-09-04T06:34:12+00:00
semv2-efe88180e47a6fc1,1556562,5,lattes_area,2f94a42dd0379051,Medicina Veterinária,0.1488541025225517,"{""word"":0.07671263532901876,""char"":0.11483160603036237,""lsa"":0.18824903097477452}",2026-09-04T06:34:12+00:00
semv2-efe88180e47a6fc1,1714987,1,lattes_project,f4589a26f3f9d8e4,SISTEMÁTICA E EVOLUÇÃO DA HERPETOFAUNA NEOTROPICAL,0.2291150376862637,"{""word"":0.04269599078057419,""char"":0.09425991916350049,""lsa"":0.608695392180212}",2026-09-04T06:34:12+00:00
semv2-efe88180e47a6fc1,1714987,2,opportunity,98380608,Audiodescrição e impressão em braille: promovendo a inclusão de pessoas com deficiência visual na Exposição Zoológica Itinerante,0.13810250932328855,"{""word"":0.03943508509470378,""char"":0.16289674865327194,""lsa"":0.41682195887043527}",2026-09-04T06:34:12+00:00
semv2-efe88180e47a6fc1,1714987,3,opportunity,98380679,Som em vibração: promovendo a acessibilidade de pessoas com deficiência auditiva na Exposição Zoológica Itinerante,0.1105105766273922,"{""word"":0.014420992132026671,""char"":0.1611684645835768,""lsa"":0.4114374013977157}",2026-09-04T06:34:12+00:00
semv2-efe88180e47a6fc1,1714987,4,lattes_project,d2f7bea64e8fc95b,"Girinos de Anuros da Mata Atlântica, da Amazônia, do Pantanal, do Cerrado e de Zonas de Transição: Caracterização Morfológica, Distribuição Espacial e Padrões de Diversidade",0.09651482993967951,"{""word"":0.03324581758790126,""char"":0.15139227890866666,""lsa"":0.25607709419568}",2026-09-04T06:34:12+00:00
semv2-efe88180e47a6fc1,1714987,5,lattes_area,b669092aec2316c1,Saúde Coletiva,0.09387184332906982,"{""word"":0.0571498785657316,""char"":0.06876994255869213,""lsa"":0.13311963635027682}",2026-09-04T06:34:12+00:00
semv2-efe88180e47a6fc1,6605449,1,lattes_area,1411819bcce524d5,Medicina,0.31204959314630154,"{""word"":0.17446012266975075,""char"":0.20104429959571732,""lsa"":0.38472108861147364}",2026-09-04T06:34:12+00:00
semv2-efe88180e47a6fc1,6605449,2,opportunity,98379931,"Revisão integrativa: Seleção de estudos, agrupamento baseado em variáveis e síntese das evidências científicas.",0.30357843887094876,"{""word"":0.04033161274543495,""char"":0.20144125565707013,""lsa"":0.5791477906484568}",2026-09-04T06:34:12+00:00
semv2-efe88180e47a6fc1,6605449,3,publication,2180a382fe78c7bf,Projeto de Redução de Mortalidade Infantil de Maceió: Análise Situacional dos Serviços de Internamento Pediátrico Público e Convencionados ao Sistema Único de Saúde,0.27008487487130295,"{""word"":0.043763849328353144,""char"":0.1742728719358927,""lsa"":0.6031740299312178}",2026-09-04T06:34:12+00:00
semv2-efe88180e47a6fc1,6605449,4,opportunity,98379935,"Desenvolvimento da estratégia de busca, selecionar os artigos e leitura comparativa.",0.20607579708999585,"{""word"":0.05252572507230604,""char"":0.14387072076444526,""lsa"":0.5291015064169983}",2026-09-04T06:34:12+00:00
semv2-efe88180e47a6fc1,6605449,5,profile,6605449,claudio fernando rodrigues soriano,0.13167414528970658,"{""word"":0.042838821855406294,""char"":0.16266627299357977,""lsa"":0.37837579138422495}",2026-09-04T06:34:12+00:00
semv2-efe88180e47a6fc1,2269625,1,lattes_area,d25b7d0f646f6bcd,Medicina Veterinária,0.14476947915411117,"{""word"":0.07671263532901876,""char"":0.11483160603036237,""lsa"":0.18824903097477458}",2026-09-04T06:34:12+00:00
semv2-efe88180e47a6fc1,2269625,2,profile,2269625,robson guimaraes dos santos,0.10469853048155454,"{""word"":0.020664903038907084,""char"":0.17119950656469943,""lsa"":0.35471168576930845}",2026-09-04T06:34:12+00:00
semv2-efe88180e47a6fc1,2269625,3,opportunity,98380628,Ecologia trófica de espécies pelágicas no Arquipélago de São Pedro e São Paulo,0.10405008783590237,"{""word"":0.012380069350790328,""char"":0.16314263910803986,""lsa"":0.3860205744526985}",2026-09-04T06:34:12+00:00
semv2-efe88180e47a6fc1,2269625,4,opportunity,98380007,Microplásticos em espécies de importância comercial no Arquipélago de São Pedro e São Paulo,0.08620765749590166,"{""word"":0.004486674958427389,""char"":0.15437223663437927,""lsa"":0.33132908441474734}",2026-09-04T06:34:12+00:00
semv2-efe88180e47a6fc1,2269625,5,lattes_project,15865b058935d2dc,Ciência em foco: vivência laboratorial e mostra científica,0.06453818215240635,"{""word"":0.025190032559997307,""char"":0.10080676465464393,""lsa"":0.31822906606564816}",2026-09-04T06:34:12+00:00
semv2-efe88180e47a6fc1,1301285,1,lattes_project,d82419b88232013b,Apoio e Suporte à Elaboração de Revisão Sistemática e Metanálise,0.8834552042160738,"{""word"":0.21796364709544028,""char"":0.26245338535562257,""lsa"":0.6987861415941643}",2026-09-04T06:34:12+00:00
semv2-efe88180e47a6fc1,1301285,2,lattes_project,3406bff48a615fb8,Curso de extensão introdutório de revisão sistemática e metanálise,0.8078392652819393,"{""word"":0.24014212984218564,""char"":0.2516158197059819,""lsa"":0.6444108007783321}",2026-09-04T06:34:12+00:00
semv2-efe88180e47a6fc1,1301285,3,lattes_area,75ec1d44883be877,Medicina,0.44252304131204917,"{""word"":0.17446012266975075,""char"":0.20104429959571732,""lsa"":0.3847210886114738}",2026-09-04T06:34:12+00:00
semv2-efe88180e47a6fc1,1301285,4,lattes_project,7876e89470af8c26,OTIMIZANDO AS BUSCAS NAS BASES DE DADOS EM SAÚDE,0.4315864420519763,"{""word"":0.22824613370012883,""char"":0.1379288000804372,""lsa"":0.4219215907625705}",2026-09-04T06:34:12+00:00
semv2-efe88180e47a6fc1,1301285,5,publication,92e67097915d34a8,"ANÁLISE DOS CUSTOS DIRETOS E INDIRETOS NA SAÚDE PÚBLICA: ESTUDO SOBRE ATENDIMENTOS NO SISTEMA ÚNICO DE SAÚDE, ABSENTEÍSMO E PRESENTEÍSMO EM PACIENTES COM MIGRÂNEA",0.2624317044412778,"{""word"":0.06151942951687166,""char"":0.19257713809070823,""lsa"":0.5225305628975575}",2026-09-04T06:34:12+00:00
semv2-efe88180e47a6fc1,3882870,1,lattes_area,19afb53469e7ca80,Probabilidade e Estatística,0.3638830143984474,"{""word"":0.07456734080303622,""char"":0.23688421499030332,""lsa"":0.3679732019335034}",2026-09-04T06:34:12+00:00
semv2-efe88180e47a6fc1,3882870,2,lattes_area,bf0fadc8bdd1f181,Medicina,0.3182362556272585,"{""word"":0.17446012266975075,""char"":0.20104429959571732,""lsa"":0.38472108861147364}",2026-09-04T06:34:12+00:00
semv2-efe88180e47a6fc1,3882870,3,opportunity,98380103,Teatro Ambiental Interativo: Fantoches e Narrativas do Litoral ao Sertão para Educação Ambiental Infantil,0.14792220693911554,"{""word"":0.012393573554214183,""char"":0.18549142365226004,""lsa"":0.464377996445423}",2026-09-04T06:34:12+00:00
semv2-efe88180e47a6fc1,3882870,4,lattes_project,6b1b1c1ddbf91c1d,Biogeografia funcional de folhas na Amazônia: Uma abordagem temporal e espacial,0.13516365654375934,"{""word"":0.0680971346629512,""char"":0.12119100629206939,""lsa"":0.16085333416763936}",2026-09-04T06:34:12+00:00
semv2-efe88180e47a6fc1,3882870,5,lattes_project,6a67e7f348826b8e,Biogeografia funcional de folhas na Amazonia: uma abordagem temporal e espacial,0.13469540150173032,"{""word"":0.0680971346629512,""char"":0.12119100629206939,""lsa"":0.16085333416763936}",2026-09-04T06:34:12+00:00
semv2-efe88180e47a6fc1,2882780,1,lattes_area,1168d8c7215e9868,Medicina,0.3386412054675229,"{""word"":0.17446012266975075,""char"":0.20104429959571732,""lsa"":0.38472108861147364}",2026-09-04T06:34:12+00:00
semv2-efe88180e47a6fc1,2882780,2,opportunity,98380146,Integração de Dados Ecológicos e Documentais na APACC: Metodologia Replicável para Conservação,0.30811742856484203,"{""word"":0.06617464952579818,""char"":0.21442964201510042,""lsa"":0.44370749426530953}",2026-09-04T06:34:12+00:00
semv2-efe88180e47a6fc1,2882780,3,lattes_project,412f9d24685c5dc6,Déficits de informação sobre biodiversidade e justiça de dados de conservação,0.21725454018963514,"{""word"":0.09910397711378924,""char"":0.17201978955280053,""lsa"":0.1639241489768424}",2026-09-04T06:34:12+00:00
semv2-efe88180e47a6fc1,2882780,4,lattes_project,c18098800fb8ba64,Biogeografia funcional de folhas na Amazonia: uma abordagem temporal e espacial,0.1356357333103307,"{""word"":0.0680971346629512,""char"":0.12119100629206939,""lsa"":0.16085333416763944}",2026-09-04T06:34:12+00:00
semv2-efe88180e47a6fc1,2882780,5,opportunity,98380140,Design Pedagógico para Educação Ambiental: Cartilhas e Livros Autorais para o projeto Mar à Vista!,0.09780034286612022,"{""word"":0.004805956405823631,""char"":0.15826784720345125,""lsa"":0.38355985394825}",2026-09-04T06:34:12+00:00
semv2-efe88180e47a6fc1,1653324,1,opportunity,98380167,Classificação dos genótipos de HPV e estruturação da base de dados para análise epidemiológica,0.762261108739982,"{""word"":0.11682212357687541,""char"":0.28750567555231216,""lsa"":0.6947862140431246}",2026-09-04T06:34:12+00:00
semv2-efe88180e47a6fc1,1653324,2,opportunity,98380169,Auxílio na análise epidemiológica preliminar e elaboração de relatórios científicos sobre os dados de DNA-HPV,0.6095968718110167,"{""word"":0.0921809246627438,""char"":0.23033058953766447,""lsa"":0.7126715385148382}",2026-09-04T06:34:12+00:00
semv2-efe88180e47a6fc1,1653324,3,opportunity,98380168,Assistência técnica à coleta e organização de dados laboratoriais de DNA-HPV,0.5483008825860755,"{""word"":0.07749972461709552,""char"":0.22432620208783546,""lsa"":0.6950432487995735}",2026-09-04T06:34:12+00:00
semv2-efe88180e47a6fc1,1653324,4,opportunity,98380166,"Coleta, organização e análise preliminar dos dados laboratoriais de detecção do HPV por DNA-PCR",0.49329901015746813,"{""word"":0.06637986499979821,""char"":0.2257081455487923,""lsa"":0.6552844462097857}",2026-09-04T06:34:12+00:00
semv2-efe88180e47a6fc1,1653324,5,publication,faff2d05065cae94,PERFIL EPIDEMIOLÓGICO E ANATOMOPATOLÓGICO DOS PÓLIPOS INTESTINAIS DE ALAGOAS: REVISÃO SISTEMÁTICA E ESTUDO DE 10 ANOS,0.4341581579368313,"{""word"":0.07876827365588106,""char"":0.2113680495374034,""lsa"":0.6038750694113062}",2026-09-04T06:34:12+00:00
semv2-efe88180e47a6fc1,2998692,1,lattes_area,94c4b3ad6914b6e8,Medicina,0.3351797337028932,"{""word"":0.17446012266975075,""char"":0.20104429959571732,""lsa"":0.38472108861147375}",2026-09-04T06:34:12+00:00
semv2-efe88180e47a6fc1,2998692,2,profile,2998692,lucas anhezini de araujo,0.20172199317474762,"{""word"":0.040366903786139656,""char"":0.20170914460750813,""lsa"":0.3832302304693676}",2026-09-04T06:34:12+00:00
semv2-efe88180e47a6fc1,2998692,3,opportunity,98380170,Avaliação neuroprotetora de fármacos reposicionados em modelos de Esclerose Lateral Amiotrófica em Drosophila melanogaster,0.18453466009600275,"{""word"":0.021883376659367026,""char"":0.2033205274992471,""lsa"":0.3821493828996054}",2026-09-04T06:34:12+00:00
semv2-efe88180e47a6fc1,2998692,4,lattes_project,4d46053606e2988f,"Análise in vivo da biocompatibilidade de nanopartículas de utilização biomédica, farmacológica e industrial",0.14732230206124272,"{""word"":0.035855144173410625,""char"":0.14906279269186215,""lsa"":0.4792675694519375}",2026-09-04T06:34:12+00:00
semv2-efe88180e47a6fc1,2998692,5,opportunity,98380263,Caracterização comportamental de modelos epilépticos de Drosophila melanogaster submetidos a estresse térmico,0.12097863862166094,"{""word"":0.023211244342069323,""char"":0.18073179579325405,""lsa"":0.38004257843770406}",2026-09-04T06:34:12+00:00
semv2-efe88180e47a6fc1,2270384,1,publication,b3e74ed9eb03465f,Uma revisão sistemática das plantas medicinais da relação nacional de plantas medicinais de interesse para o SUS (RENISUS) com potencial ansiolítico,0.5838414860049804,"{""word"":0.087633551708105,""char"":0.2258154633912453,""lsa"":0.7038806917641355}",2026-09-04T06:34:12+00:00
semv2-efe88180e47a6fc1,2270384,2,lattes_area,d3330afdb2117772,Medicina,0.35184700660491225,"{""word"":0.17446012266975075,""char"":0.20104429959571732,""lsa"":0.3847210886114737}",2026-09-04T06:34:12+00:00
semv2-efe88180e47a6fc1,2270384,3,opportunity,98380294,Avaliação do risco cardiovascular em pessoas transmasculinas em processo de hormonização cruzada,0.18105651654008537,"{""word"":0.04186178710849586,""char"":0.19457445318907832,""lsa"":0.43866778615281965}",2026-09-04T06:34:12+00:00
semv2-efe88180e47a6fc1,2270384,4,lattes_area,a2dcf83ba5e0a5b6,Medicina Veterinária,0.14421442864078696,"{""word"":0.07671263532901876,""char"":0.11483160603036237,""lsa"":0.18824903097477466}",2026-09-04T06:34:12+00:00
semv2-efe88180e47a6fc1,2270384,5,lattes_project,bc1b79e993be5515,Espalhe Ciência,0.10994606997678129,"{""word"":0.046566243863253344,""char"":0.14612151358900768,""lsa"":0.2175968961678545}",2026-09-04T06:34:12+00:00
semv2-efe88180e47a6fc1,1423644,1,profile,1423644,franciel batista felix,0.10272278209543843,"{""word"":0.02118405214969004,""char"":0.17590965032147032,""lsa"":0.3056233497659629}",2026-09-04T06:34:12+00:00
semv2-efe88180e47a6fc1,1423644,2,opportunity,98380329,Efeito do triterpeno uval na capacidade eferocítica de macrófagos in vitro,0.08136611315129451,"{""word"":0.011188347151237042,""char"":0.1507444524760352,""lsa"":0.30594662320013577}",2026-09-04T06:34:12+00:00
semv2-efe88180e47a6fc1,1423644,3,lattes_project,a77fecb18fc5ecfd,O primeiro olhar para a ciência - Projeto - 405166,0.07301219113716119,"{""word"":0.04773128141259546,""char"":0.05796686057043945,""lsa"":0.15196365530606964}",2026-09-04T06:34:12+00:00
semv2-efe88180e47a6fc1,1423644,4,publication,a201c3560172c85e,MODELOS ATIVOS EM CITOLOGIA E HISTOLOGIA,0.05458048485922304,"{""word"":0.0,""char"":0.12051672441567739,""lsa"":0.2613722867784006}",2026-09-04T06:34:12+00:00
semv2-efe88180e47a6fc1,1423644,5,lattes_project,76d0c5a1b3f411ba,Modelos Ativos em Citologia e Histologia Geral,0.05180647576950345,"{""word"":0.0,""char"":0.11679385700923488,""lsa"":0.24137684919849997}",2026-09-04T06:34:12+00:00
semv2-efe88180e47a6fc1,1141406,1,profile,1141406,olavo barbosa de oliveira neto,0.5362083773784355,"{""word"":0.08563454588544604,""char"":0.2534729478898985,""lsa"":0.5782949049720648}",2026-09-04T06:34:12+00:00
semv2-efe88180e47a6fc1,1141406,2,publication,528aec592c83eb21,Efetividade da ozonioterapia comparada a outras terapias para dor lombar: revisão sistemática com metanálise de ensaios clínicos randomizados,0.5036305074485444,"{""word"":0.13603010106163682,""char"":0.2052460221515772,""lsa"":0.6518481667583149}",2026-09-04T06:34:12+00:00
semv2-efe88180e47a6fc1,1141406,3,publication,691ff2c2aa6dfb83,Efetividade da técnica do Socket Shield comparada à implantação imediata convencional para reabilitações na área estética: uma revisão sistemática do tipo Umbrella e metanálise,0.47731377280541676,"{""word"":0.08160959742604972,""char"":0.19476669974823357,""lsa"":0.7343346770381404}",2026-09-04T06:34:12+00:00
semv2-efe88180e47a6fc1,1141406,4,lattes_area,eff54b2998cdaf63,Medicina,0.46509150658472,"{""word"":0.17446012266975075,""char"":0.20104429959571732,""lsa"":0.38472108861147364}",2026-09-04T06:34:12+00:00
semv2-efe88180e47a6fc1,1141406,5,publication,e73a17db8bcff6e7,Avaliação da Qualidade Metodológica de Revisões Sistemáticas Sobre a Colocação de Implantes Dentários Imediatos em Alvéolos Infectados: Revisão Sistemática de Revisões Sistemáticas,0.38161555095282745,"{""word"":0.04976531236648456,""char"":0.20166339336078454,""lsa"":0.6541489027948938}",2026-09-04T06:34:12+00:00
semv2-efe88180e47a6fc1,1418174,1,lattes_area,ef3aff346db21c5e,Medicina Veterinária,0.14945704982918806,"{""word"":0.07671263532901876,""char"":0.11483160603036237,""lsa"":0.18824903097477444}",2026-09-04T06:34:12+00:00
semv2-efe88180e47a6fc1,1418174,2,publication,0af20aa4cb1dd2f7,Por dentro das páginas: análise das ilustrações científicas do livro didático de biologia no ensino médio da rede pública estadual alagoana,0.13339527605261872,"{""word"":0.027316311529264035,""char"":0.1766150749348545,""lsa"":0.42158116008894}",2026-09-04T06:34:12+00:00
semv2-efe88180e47a6fc1,1418174,3,opportunity,98380358,"O camarão ornamental NEOCARIDINA DAVIDI (Bouvier, 1904) como alternativa a modelos experimentais com animais vertebrados",0.11146852387711162,"{""word"":0.005981488892657949,""char"":0.18227150239183174,""lsa"":0.3528462066938332}",2026-09-04T06:34:12+00:00
semv2-efe88180e47a6fc1,1418174,4,profile,1418174,joao alberto farinelli pantaleao,0.10903115327657124,"{""word"":0.021400367288788538,""char"":0.1717253919365565,""lsa"":0.3739877276434586}",2026-09-04T06:34:12+00:00
semv2-efe88180e47a6fc1,1418174,5,lattes_project,666ad8fe8e0a1214,Temático - BIOTA -FAPESP,0.09843005734716348,"{""word"":0.0,""char"":0.08532043291773346,""lsa"":0.49781116598328967}",2026-09-04T06:34:12+00:00
semv2-efe88180e47a6fc1,3140619,1,lattes_area,c4163b92c1990cfe,Medicina Veterinária,0.14366086326962899,"{""word"":0.07671263532901876,""char"":0.11483160603036237,""lsa"":0.18824903097477472}",2026-09-04T06:34:12+00:00
semv2-efe88180e47a6fc1,3140619,2,publication,2f9578283f725a25,Ciências da Saúde: Da Teoria à Prática 10,0.1022087501000284,"{""word"":0.031551245589054304,""char"":0.1273872892779474,""lsa"":0.39814611718497206}",2026-09-04T06:34:12+00:00
semv2-efe88180e47a6fc1,3140619,3,publication,8e1c84b91596c4a4,Filo Nemata,0.10095474674376187,"{""word"":0.0,""char"":0.027175473789874078,""lsa"":0.5205716208403773}",2026-09-04T06:34:12+00:00
semv2-efe88180e47a6fc1,3140619,4,lattes_project,80ad25e3517b8d53,"ANÁLISE DA BIODIVERSIDADE DOS MIXOZOÁRIOS (MYXOZOA: MYXOSPOREA) PARASITOS DAS ESPÉCIES DE PEIXES DOMINANTES DO RIO BATALHA, MÉDIO RIO TIETÊ, SÃO PAULO, BRASIL ATRAVÉS DA CARACTERIZAÇÃO MORFOLÓGICA, HISTOLÓGICA, ULTRAESTRUTURAL E MOLECULAR.",0.08264231262284474,"{""word"":0.021105626364371976,""char"":0.1508736986047526,""lsa"":0.26786613921129143}",2026-09-04T06:34:12+00:00
semv2-efe88180e47a6fc1,3140619,5,opportunity,98380362,Contaminação do solo por enteroparasitos e sua associação com fatores socioambientais nas mesorregiões de Alagoas: uma abordagem em Saúde Única.,0.08200880096836685,"{""word"":0.007525151435565139,""char"":0.14040895922454333,""lsa"":0.3575104990404101}",2026-09-04T06:34:12+00:00
semv2-efe88180e47a6fc1,1916144,1,lattes_area,4c4a4423afa1137b,Medicina,0.38110892907510047,"{""word"":0.17446012266975075,""char"":0.20104429959571732,""lsa"":0.3847210886114737}",2026-09-04T06:34:12+00:00
semv2-efe88180e47a6fc1,1916144,2,publication,0ff09d24f0f3eaa5,Análise do Ensino das Temáticas de Botânica no Estado de Alagoas,0.154989899640608,"{""word"":0.05659017972383726,""char"":0.18495148513488469,""lsa"":0.23888802557997668}",2026-09-04T06:34:12+00:00
semv2-efe88180e47a6fc1,1916144,3,lattes_project,384fad0e1e9202c0,Fixação do nitrogênio em plantas de soja com o sistema radicular alagado,0.1371804420050034,"{""word"":0.0,""char"":0.08401774302937812,""lsa"":0.5557621475165229}",2026-09-04T06:34:12+00:00
semv2-efe88180e47a6fc1,1916144,4,lattes_area,cefa5362893fb4ee,Saúde Coletiva,0.09285683757400122,"{""word"":0.0571498785657316,""char"":0.06876994255869213,""lsa"":0.13311963635027696}",2026-09-04T06:34:12+00:00
semv2-efe88180e47a6fc1,1916144,5,profile,1916144,gilberto costa justino,0.0913571573515031,"{""word"":0.011415689356072619,""char"":0.16200469116181576,""lsa"":0.3267053890487272}",2026-09-04T06:34:12+00:00
semv2-efe88180e47a6fc1,2033893,1,publication,aeab38fda4f0871a,REVERSÃO DA DISBIOSE INTESTINAL NO TRANSTORNO DO ESPECTRO AUTISTA EM CRIANÇAS: REVISÃO SISTEMÁTICA E METANÁLISE,0.43018756943990594,"{""word"":0.15040907893192978,""char"":0.21599714803146453,""lsa"":0.5099207151016152}",2026-09-04T06:34:12+00:00
semv2-efe88180e47a6fc1,2033893,2,lattes_area,987afc7bcad25c13,Medicina,0.36872034540329224,"{""word"":0.17446012266975075,""char"":0.20104429959571732,""lsa"":0.3847210886114737}",2026-09-04T06:34:12+00:00
semv2-efe88180e47a6fc1,2033893,3,lattes_project,d7cc569eaf1fd5a5,Atualização e Manutenção do ADI Sistema Multidisciplinar para Análise e Aquisição de Dados PowerLab,0.23883230055149096,"{""word"":0.09346744754686614,""char"":0.16589896981955923,""lsa"":0.41884361580040996}",2026-09-04T06:34:12+00:00
semv2-efe88180e47a6fc1,2033893,4,lattes_project,79e5e9f785b9d262,MODELAGEM IN VIVO DE VARIAÇÕES SAZONAIS NO COMPORTAMENTO SUICIDA: ANÁLISE CIRCADIANA DO TRANSCRIPTOMA DE CÉREBRO MURINO EM FOTOPERÍODO TRANSICIONAL.,0.16008688164260917,"{""word"":0.06636531348802913,""char"":0.1273142753709883,""lsa"":0.39315616519161134}",2026-09-04T06:34:12+00:00
semv2-efe88180e47a6fc1,2033893,5,profile,2033893,marcelo duzzioni,0.12208369672934935,"{""word"":0.017259490893794315,""char"":0.19090533665109574,""lsa"":0.34545509314569306}",2026-09-04T06:34:12+00:00
semv2-efe88180e47a6fc1,3307604,1,opportunity,98380389,Soroepidemiologia da doença de Chagas em idosos residentes no estado de Alagoas.,0.26141782317511303,"{""word"":0.032948586298812046,""char"":0.20602909236629122,""lsa"":0.5145665904887311}",2026-09-04T06:34:12+00:00
semv2-efe88180e47a6fc1,3307604,2,lattes_project,a59ac159016c9ceb,Análise epidemiológica das notificações de doença de Chagas crônica no Nordeste do Brasil. Implementação de um monitoramento sistemático para redução da subnotificação da doença na região.,0.18359900347282052,"{""word"":0.022743092310871616,""char"":0.18066055066664738,""lsa"":0.5223459677472873}",2026-09-04T06:34:12+00:00
semv2-efe88180e47a6fc1,3307604,3,profile,3307604,maria claudia da silva,0.14757511219409886,"{""word"":0.050620640672863954,""char"":0.17120734881471392,""lsa"":0.37558318143610214}",2026-09-04T06:34:12+00:00
semv2-efe88180e47a6fc1,3307604,4,publication,8eed3c6f3aef7560,Análise epidemiológica das notificações de doença de Chagas crônica em dois estados do Nordeste do Brasil.,0.13928975297997415,"{""word"":0.02992308186585152,""char"":0.1790664939817849,""lsa"":0.4224569659335139}",2026-09-04T06:34:12+00:00
semv2-efe88180e47a6fc1,3307604,5,publication,91ad7d8dde7441c1,Incidência de alergia à látex e quantificação de IgE em estudantes de cursos da área da saúde submetidos a alta ou baixa exposição ao material,0.13268083823575283,"{""word"":0.017126899534172794,""char"":0.09224834184762956,""lsa"":0.5287306165977443}",2026-09-04T06:34:12+00:00
semv2-efe88180e47a6fc1,3223216,1,lattes_area,990fcb866e11a7c3,Medicina,0.32973717484498466,"{""word"":0.17446012266975075,""char"":0.20104429959571732,""lsa"":0.3847210886114737}",2026-09-04T06:34:12+00:00
semv2-efe88180e47a6fc1,3223216,2,opportunity,98380396,Caracterização sociodemográfica e genético-clínica em pacientes com Síndrome de Turner,0.2812433744736848,"{""word"":0.039378639998202396,""char"":0.22216304315129762,""lsa"":0.4535991110028602}",2026-09-04T06:34:12+00:00
semv2-efe88180e47a6fc1,3223216,3,opportunity,98380399,Caracterização sociodemográfica e genético-clínica em pacientes com Síndrome de Marfan,0.24216880623936274,"{""word"":0.03472370082796664,""char"":0.21072931448128637,""lsa"":0.44114755555064167}",2026-09-04T06:34:12+00:00
semv2-efe88180e47a6fc1,3223216,4,opportunity,98380407,Caracterização sociodemográfica e genético-clínica em pacientes com Neurofibromatose tipo 1,0.23507100797916297,"{""word"":0.03177203260277221,""char"":0.21017237114845996,""lsa"":0.43826280046238486}",2026-09-04T06:34:12+00:00
semv2-efe88180e47a6fc1,3223216,5,publication,d9478ebfb128403c,Identificação sistemática de indivíduos com alto risco para Síndromes de Predisposição Hereditária ao Câncer Colorretal,0.19471235970691128,"{""word"":0.020390465417413194,""char"":0.09809880372326643,""lsa"":0.6022554884978846}",2026-09-04T06:34:12+00:00
semv2-efe88180e47a6fc1,1219840,1,lattes_project,b854372189616ba5,Dinâmica espacial e temporal da distribuição e estrutura populacional de Proquilodontídeos em bacias hidrográficas da Amazônia Central,0.16990642241513623,"{""word"":0.08907689430164159,""char"":0.11192319303669922,""lsa"":0.1678619184442205}",2026-09-04T06:34:12+00:00
semv2-efe88180e47a6fc1,1219840,2,lattes_area,eeb591ab9321abe7,Matemática,0.12273472435167937,"{""word"":0.0,""char"":0.1262721270552649,""lsa"":0.5028684886316385}",2026-09-04T06:34:12+00:00
semv2-efe88180e47a6fc1,1219840,3,lattes_project,572a365b4c7f18b3,PRONEX_Modelos Matemático-Computacionais com Aplicações em Problemas Complexos,0.1124636992156129,"{""word"":0.0,""char"":0.10082811765559752,""lsa"":0.5083029430424995}",2026-09-04T06:34:12+00:00
semv2-efe88180e47a6fc1,1219840,4,lattes_project,ceec77b5974bcf85,PRONEX-Modelos Matemático-Computacionais com Aplicações em Problemas Complexos,0.11176072493162577,"{""word"":0.0,""char"":0.09931744918350931,""lsa"":0.5081258404699676}",2026-09-04T06:34:12+00:00
semv2-efe88180e47a6fc1,1219840,5,lattes_area,0aef20907d0be27f,Ciência Política,0.10471365303298077,"{""word"":0.05200887553042211,""char"":0.11380736597689241,""lsa"":0.2809218871702431}",2026-09-04T06:34:12+00:00
semv2-efe88180e47a6fc1,2119250,1,lattes_area,73a651208f332512,Medicina,0.3624156803748139,"{""word"":0.17446012266975075,""char"":0.20104429959571732,""lsa"":0.38472108861147364}",2026-09-04T06:34:12+00:00
semv2-efe88180e47a6fc1,2119250,2,opportunity,98380424,Desenvolvimento e validação de instrumento integrado de notificação da toxoplasmose gestacional e congênita com abordagem em uma Só Saúde,0.30539595085049626,"{""word"":0.03110992125946707,""char"":0.21279219150496378,""lsa"":0.5481715259237573}",2026-09-04T06:34:12+00:00
semv2-efe88180e47a6fc1,2119250,3,opportunity,98381517,Aperfeiçoamento de protocolo LAMP para detecção de Giardia duodenalis em amostras biológicas,0.26977406932630726,"{""word"":0.02570523114515208,""char"":0.21862095617955304,""lsa"":0.4900689367505215}",2026-09-04T06:34:12+00:00
semv2-efe88180e47a6fc1,2119250,4,publication,3487ac8c1b3b830b,Trypanosoma cruzi EM CÃES DAS REGIÕES LESTE E AGRESTE DE ALAGOAS: INTEGRAÇÃO DE DADOS EPIDEMIOLÓGICOS E ESPACIAIS SOB A PERSPECTIVA DA SAÚDE ÚNICA.,0.2172382509272694,"{""word"":0.049421042862693026,""char"":0.1823795502867615,""lsa"":0.5187657478589554}",2026-09-04T06:34:12+00:00
semv2-efe88180e47a6fc1,2119250,5,publication,c0448b6c5fe10671,AUDIODESCRIÇÃO APLICADA AO ENSINO DE CIÊNCIAS: UMA REVISÃO INTEGRATIVA,0.19431008008707099,"{""word"":0.07421921019503197,""char"":0.1547762682728616,""lsa"":0.42467341540642883}",2026-09-04T06:34:12+00:00
semv2-efe88180e47a6fc1,2151027,1,lattes_area,85cfa2e12ec7a94c,Medicina,0.3600788335365546,"{""word"":0.17446012266975075,""char"":0.20104429959571732,""lsa"":0.3847210886114737}",2026-09-04T06:34:12+00:00
semv2-efe88180e47a6fc1,2151027,2,publication,7011ed1aee8298d3,Análise do perfil epidemiológico de hemorragias pós-parto no Brasil,0.20670229321807185,"{""word"":0.06640580085421535,""char"":0.174651154620363,""lsa"":0.44855528159716734}",2026-09-04T06:34:12+00:00
semv2-efe88180e47a6fc1,2151027,3,opportunity,98380478,Mudanças histológicas de placentas expostas a microplásticos de poliestireno ex vivo,0.13862402229083914,"{""word"":0.01600256342634141,""char"":0.19300398850424144,""lsa"":0.40547659542672576}",2026-09-04T06:34:12+00:00
semv2-efe88180e47a6fc1,2151027,4,lattes_project,ca731242c5ec67ba,AcustoChip Cancer Assay: Sistema Lab-on-a-chip com Tecnologia de Acustofluídica para Pesquisa de Câncer e Teste de Novos Fármacos,0.13516104368139362,"{""word"":0.01885297499259001,""char"":0.12015970063241616,""lsa"":0.5150344723782252}",2026-09-04T06:34:12+00:00
semv2-efe88180e47a6fc1,2151027,5,publication,a3eca75e08715612,Caderno temático 6ª edição do PPSUS: saúde da mulher e da criança,0.12272470663506124,"{""word"":0.020095118725242504,""char"":0.10167888275907146,""lsa"":0.5109060713353333}",2026-09-04T06:34:12+00:00
semv2-efe88180e47a6fc1,2269479,1,lattes_area,5b1c498eabc0a5e6,Medicina,0.3540853249204519,"{""word"":0.17446012266975075,""char"":0.20104429959571732,""lsa"":0.38472108861147364}",2026-09-04T06:34:12+00:00
semv2-efe88180e47a6fc1,2269479,2,opportunity,98380506,IMPACTO DE SNPS DO GENE CHGB NA SUSCETIBILIDADE À HANSENÍASE: UMA ANÁLISE DE ASSOCIAÇÃO,0.14668216563301026,"{""word"":0.024198742638703617,""char"":0.19435766105641808,""lsa"":0.4050995173464514}",2026-09-04T06:34:12+00:00
semv2-efe88180e47a6fc1,2269479,3,publication,2dc320a1f0114f7f,Integração de dados de single-cell RNA no adenocarcinoma de pulmão EGFR mutados e não mutados,0.13721599991319003,"{""word"":0.04360786817873624,""char"":0.07714355694462739,""lsa"":0.5024873772019456}",2026-09-04T06:34:12+00:00
semv2-efe88180e47a6fc1,2269479,4,lattes_project,7b5cfef023e80fb5,Arquitetura Celular das Neoplasias da Mama e Ovário: Uma Análise Multiômica,0.13297566234236305,"{""word"":0.05161268045068095,""char"":0.08616649727479925,""lsa"":0.4624652598188497}",2026-09-04T06:34:12+00:00
semv2-efe88180e47a6fc1,2269479,5,profile,2269479,carolinne de sales marques,0.12357536783587073,"{""word"":0.02657851615025504,""char"":0.18105034652504706,""lsa"":0.3716686983831551}",2026-09-04T06:34:12+00:00
semv2-efe88180e47a6fc1,530117,1,opportunity,98380514,Análise estatística e visualização de resultados em relação à remissão histológica definida pelo Índice de Nancy e desfechos clínicos na retocolite ulcerativa,0.4404908756068977,"{""word"":0.08324590101209098,""char"":0.22096894083290156,""lsa"":0.5809266820436748}",2026-09-04T06:34:12+00:00
semv2-efe88180e47a6fc1,530117,2,opportunity,98380517,"Apoio metodológico, organização de dados e revisão crítica em relação à remissão histológica definida pelo Índice de Nancy e desfechos clínicos na retocolite ulcerativa",0.3901744740994625,"{""word"":0.07671085646984915,""char"":0.20878452519755578,""lsa"":0.5819544472489613}",2026-09-04T06:34:12+00:00
semv2-efe88180e47a6fc1,530117,3,lattes_area,e149201dce117c25,Medicina,0.3137954596591452,"{""word"":0.17446012266975075,""char"":0.20104429959571732,""lsa"":0.3847210886114736}",2026-09-04T06:34:12+00:00
semv2-efe88180e47a6fc1,530117,4,publication,f8daa8811afeb7e0,Sídrome de Peutz-Jeghers - Relato de caso e Revisão da Bibliografia,0.27113060530097977,"{""word"":0.06493157630609483,""char"":0.0700105367364016,""lsa"":0.6163215232858075}",2026-09-04T06:34:12+00:00
semv2-efe88180e47a6fc1,530117,5,publication,1d4cefe38b69cf35,Clinica Cirúrgica do Internato ao Médico Generalista,0.1874650813968947,"{""word"":0.03386717707684862,""char"":0.11089474391896065,""lsa"":0.5713302980974281}",2026-09-04T06:34:12+00:00
semv2-efe88180e47a6fc1,1164377,1,opportunity,98380750,Desenvolvimento de plataforma interativa para monitoramento epidemiológico da coinfecção tuberculose/HIV em Alagoas,0.5874184597599792,"{""word"":0.13523993518461985,""char"":0.2678721244629082,""lsa"":0.5286685332091102}",2026-09-04T06:34:12+00:00
semv2-efe88180e47a6fc1,1164377,2,opportunity,98380741,Geoprocessamento e análise espacial da coinfecção tuberculose/HIV nas Regiões de Saúde de Alagoas,0.5718894774815827,"{""word"":0.13748117298489454,""char"":0.26227445476405753,""lsa"":0.5438188751414291}",2026-09-04T06:34:12+00:00
semv2-efe88180e47a6fc1,1164377,3,lattes_area,2ab9afc6715d474e,Medicina,0.45658994491696325,"{""word"":0.17446012266975075,""char"":0.20104429959571732,""lsa"":0.3847210886114738}",2026-09-04T06:34:12+00:00
semv2-efe88180e47a6fc1,1164377,4,opportunity,98380566,Vigilância epidemiológica e distribuição espaço-temporal da tuberculose em Alagoas (2021-2025),0.42727416094250265,"{""word"":0.06981646768149476,""char"":0.23707802476056164,""lsa"":0.5149430166689681}",2026-09-04T06:34:12+00:00
semv2-efe88180e47a6fc1,1164377,5,lattes_project,c539dab50459b7e2,Pet- Saúde: Gestão e Assistência (GT Análise de Situação de Saúde),0.39034508413200936,"{""word"":0.08396352009679078,""char"":0.20507280266347283,""lsa"":0.5745838528397759}",2026-09-04T06:34:12+00:00
semv2-efe88180e47a6fc1,1715527,1,lattes_area,5718f481814689ca,Medicina,0.38981397224579356,"{""word"":0.17446012266975075,""char"":0.20104429959571732,""lsa"":0.3847210886114736}",2026-09-04T06:34:12+00:00
semv2-efe88180e47a6fc1,1715527,2,profile,1715527,alessandra abel borges,0.24649635445242662,"{""word"":0.04163694362514024,""char"":0.21377758426858864,""lsa"":0.3929667911121196}",2026-09-04T06:34:12+00:00
semv2-efe88180e47a6fc1,1715527,3,lattes_project,d38ea5a2bbb5df7f,"Pesquisa diagnóstica de casos de hantavirose em Alagoas, análise filogenética e estudo da resposta imune dos indivíduos com a síndrome pulmonar e cardiovascular por hantavírus",0.2409749956467209,"{""word"":0.08099813367975184,""char"":0.19091661534269272,""lsa"":0.4236810922116178}",2026-09-04T06:34:12+00:00
semv2-efe88180e47a6fc1,1715527,4,publication,83135f059314318c,Incidência de bronquiolite viral aguda em diferentes faixas etárias no Brasil no período de 2008 a 2026: análise epidemiológica e impacto da introdução da vacina contra o Vírus Sincicial Respiratório,0.21682010065973928,"{""word"":0.025807221640824773,""char"":0.14434434439668625,""lsa"":0.5978131606377359}",2026-09-04T06:34:12+00:00
semv2-efe88180e47a6fc1,1715527,5,opportunity,98380604,Perfil epidemiológico e investigação sorológica do histórico de infecção por Chikungunya em pacientes com quadro de linfedema e/ou linfangite crônico de membros inferiores atendidos no HUPAA,0.14827882872071949,"{""word"":0.009322735293369517,""char"":0.1905587053011328,""lsa"":0.4509244617645594}",2026-09-04T06:34:12+00:00
semv2-efe88180e47a6fc1,1645285,1,opportunity,98380669,Análise estatística comparativa e sistematização de dados sobre o impacto de visitas ao laboratório de anatomia na educação básica,0.5362498618653045,"{""word"":0.085564198281513,""char"":0.26545430826970295,""lsa"":0.5293266371767265}",2026-09-04T06:34:12+00:00
semv2-efe88180e47a6fc1,1645285,2,opportunity,98380675,"Apoio às ações educativas, organização de dados e análise estatística em atividades de vivência anatômica para estudantes do ensino médio e do 9º ano do ensino fundamental II",0.4101679933857512,"{""word"":0.058254736745463276,""char"":0.24441534962624298,""lsa"":0.492555989806304}",2026-09-04T06:34:12+00:00
semv2-efe88180e47a6fc1,1645285,3,lattes_area,148f520b552c5684,Medicina,0.3984892992264781,"{""word"":0.17446012266975075,""char"":0.20104429959571732,""lsa"":0.38472108861147375}",2026-09-04T06:34:12+00:00
semv2-efe88180e47a6fc1,1645285,4,lattes_project,28899ed629646fe0,Análise da Prevalência de pacientes com transtorno depressivo assistido no CAPS Dr. Rostan Silvestre,0.13178054669595163,"{""word"":0.05036233467818171,""char"":0.12655439746399397,""lsa"":0.41079563972124866}",2026-09-04T06:34:12+00:00
semv2-efe88180e47a6fc1,1645285,5,lattes_project,c270368ce6a85984,RELAÇÃO ENTRE O ESTILO DE VIDA DOS ESTUDANTES DE MEDICINA DE ALAGOAS E O DESEMPENHO ACADÊMICO,0.11612121767917767,"{""word"":0.04024401198473306,""char"":0.10831772974439992,""lsa"":0.44011348201573397}",2026-09-04T06:34:12+00:00
semv2-efe88180e47a6fc1,3143109,1,lattes_project,68b01fa2f7af7371,Risco de morte por um evento cardiovascular em pessoas que escovam os dentes menos de duas vezes por dia: revisão sistemática,0.4585018330128641,"{""word"":0.08859760379281247,""char"":0.20984419496384762,""lsa"":0.6186595943379581}",2026-09-04T06:34:12+00:00
semv2-efe88180e47a6fc1,3143109,2,lattes_project,2328a658b1bedf71,Eficácia da acupuntura a laser na redução dos sintomas de Disfunção Temporomandibular: uma revisão sistemática e metanálise,0.41976171433649434,"{""word"":0.12610663804132854,""char"":0.22505440937038465,""lsa"":0.4623090800598223}",2026-09-04T06:34:12+00:00
semv2-efe88180e47a6fc1,3143109,3,publication,4c31cbfa8fda357a,Sobrevida de prótese parcial fixa posterior em zircônia: revisão sistemática de estudos clínicos com até 7 anos de acompanhamento,0.3722917018356542,"{""word"":0.08364532487026301,""char"":0.17198990132713074,""lsa"":0.6493716605887564}",2026-09-04T06:34:12+00:00
semv2-efe88180e47a6fc1,3143109,4,publication,2928d64bc08985c7,Anatomia do Sistema Dental: análise descritiva e topográfica aplicada à clínica,0.349676618614716,"{""word"":0.08929016645884978,""char"":0.20526437768803635,""lsa"":0.5020109295423865}",2026-09-04T06:34:12+00:00
semv2-efe88180e47a6fc1,3143109,5,publication,06bdb242ee4fcd64,Análise de Impacto Orçamentário da Oferta de Dispositivos Oclusais no Sistema Único de Saúde,0.3123710034443387,"{""word"":0.07151590987596287,""char"":0.14064222424936046,""lsa"":0.6177854432206201}",2026-09-04T06:34:12+00:00
semv2-efe88180e47a6fc1,3443233,1,lattes_area,6acff81ebd799f8d,Medicina,0.3222650805654969,"{""word"":0.17446012266975075,""char"":0.20104429959571732,""lsa"":0.3847210886114736}",2026-09-04T06:34:12+00:00
semv2-efe88180e47a6fc1,3443233,2,lattes_area,6e9162204fc17737,Medicina Veterinária,0.14308657310204242,"{""word"":0.07671263532901876,""char"":0.11483160603036237,""lsa"":0.18824903097477438}",2026-09-04T06:34:12+00:00
semv2-efe88180e47a6fc1,3443233,3,lattes_project,bc6b4ebe4b5b012c,Valorização de sintomas depressivos em idosos internados por doenças crônicas em uma Clínica Médica,0.10798801508404224,"{""word"":0.023343444616023806,""char"":0.09786250404487053,""lsa"":0.48608290831897166}",2026-09-04T06:34:12+00:00
semv2-efe88180e47a6fc1,3443233,4,profile,3443233,iramirton figueredo moreira,0.10203307441069678,"{""word"":0.03537153893972885,""char"":0.1422216163851151,""lsa"":0.3325301751863132}",2026-09-04T06:34:12+00:00
semv2-efe88180e47a6fc1,3443233,5,publication,26858fbe0bc7467e,"Informação Toxicológica, Agente tóxico, Antídotos e Animais peçonhentos",0.09673701446702225,"{""word"":0.04147526648889771,""char"":0.12663322829369356,""lsa"":0.287672066755414}",2026-09-04T06:34:12+00:00
semv2-efe88180e47a6fc1,1370651,1,lattes_area,fd66e7e6c67ee330,Medicina,0.42887211493008925,"{""word"":0.17446012266975075,""char"":0.20104429959571732,""lsa"":0.3847210886114737}",2026-09-04T06:34:12+00:00
semv2-efe88180e47a6fc1,1370651,2,publication,e17f987759672625,"Infecções invasivas por CANDIDA em uma unidade de terapia intensiva neonatal: análise microbiológica, clínica e assistencial",0.20258716605933608,"{""word"":0.05077990176950152,""char"":0.17352514438384312,""lsa"":0.5107480933815677}",2026-09-04T06:34:12+00:00
semv2-efe88180e47a6fc1,1370651,3,lattes_project,aefb441678372dd6,"VIGILÂNCIA INTEGRADA DA TUBERCULOSE BOVINA EM MATADOURO SOB A PERSPECTIVA DE UMA SÓ SAÚDE: ABORDAGEM EPIDEMIOLÓGICA, MOLECULAR E EDUCATIVA",0.18270184127317582,"{""word"":0.01987810741556928,""char"":0.14120950608596283,""lsa"":0.5687232401747053}",2026-09-04T06:34:12+00:00
semv2-efe88180e47a6fc1,1370651,4,opportunity,98380702,Padronização de protocolos operacionais padrões para a avaliação fisiológica e comportamental de larvas de GALLERIA MELLONELLA infectadas com CANDIDA ALBICANS,0.1599222813559731,"{""word"":0.030904661495972575,""char"":0.19576504333567762,""lsa"":0.4090882374277629}",2026-09-04T06:34:12+00:00
semv2-efe88180e47a6fc1,1370651,5,lattes_area,8ff0f43cc2e1a1dc,Medicina Veterinária,0.15009172866748474,"{""word"":0.07671263532901876,""char"":0.11483160603036237,""lsa"":0.18824903097477472}",2026-09-04T06:34:12+00:00
semv2-efe88180e47a6fc1,1114484,1,lattes_area,1461fd9d19029df3,Medicina,0.47113692988416644,"{""word"":0.17446012266975075,""char"":0.20104429959571732,""lsa"":0.3847210886114737}",2026-09-04T06:34:12+00:00
semv2-efe88180e47a6fc1,1114484,2,opportunity,98380703,Perfil Epidemiológico e Tendências de Uso dos Agonistas do Receptor de GLP-1 no Brasil: Análise de Dados do SNGPC,0.4021270130442119,"{""word"":0.06924000928834378,""char"":0.2368647322355823,""lsa"":0.4973417426029603}",2026-09-04T06:34:12+00:00
semv2-efe88180e47a6fc1,1114484,3,publication,6a422d7823281632,"Epidemiologia, diagnóstico e intervenções em odontologia",0.16881782977577595,"{""word"":0.058954793166449124,""char"":0.18617279400574654,""lsa"":0.232873725184283}",2026-09-04T06:34:12+00:00
semv2-efe88180e47a6fc1,1114484,4,lattes_project,c9b0ea0260023e29,LUTANDO POR SAÚDE: O JIU-JITSU E A SAÚDE FÍSICA E MENTAL DOS ESTUDANTES DE GRADUAÇÃO E SERVIDORES PÚBLICOS DA UFAL,0.1644310060962043,"{""word"":0.06896081480704876,""char"":0.12313158282662151,""lsa"":0.40048225831741985}",2026-09-04T06:34:12+00:00
semv2-efe88180e47a6fc1,1114484,5,lattes_project,0e49b471a92f8875,Avaliação dos Riscos e efeitos adversos do Uso de Benzodiazepínicos em Indivíduos com Insuficiência Renal Crônica em Hemodiálise: uma revisão integrativa,0.15845310017883402,"{""word"":0.020666833720425135,""char"":0.12734941896098878,""lsa"":0.5415648458355703}",2026-09-04T06:34:12+00:00
semv2-efe88180e47a6fc1,2370894,1,opportunity,98380903,"Monitoramento, avaliação e registro de parâmetros hemodinâmicos e da segurança clínica em pacientes renais crônicos submetidos a exercício de força aguda pré-diálise.",0.36400582176444246,"{""word"":0.04362487985679813,""char"":0.23560848806704074,""lsa"":0.5141616141541954}",2026-09-04T06:34:12+00:00
semv2-efe88180e47a6fc1,2370894,2,lattes_area,494673d3b125b4d0,Medicina,0.34618737567174535,"{""word"":0.17446012266975075,""char"":0.20104429959571732,""lsa"":0.38472108861147364}",2026-09-04T06:34:12+00:00
semv2-efe88180e47a6fc1,2370894,3,lattes_project,fb888a284a92c3ce,Aplicação da modelagem computacional em imagens histológicas como ferramenta de apoio à análise de lesões provocadas pela Nefrite Lúpica Proliferativa,0.28906513333994255,"{""word"":0.07548617135541696,""char"":0.1635210900457622,""lsa"":0.5750475335360136}",2026-09-04T06:34:12+00:00
semv2-efe88180e47a6fc1,2370894,4,publication,ad8c793a3ff24039,Fatores associados à indicação de escetamina em idosos sob cuidados paliativos oncológicos: análise de dados do ambulatório de cuidados paliativos,0.24497766892504869,"{""word"":0.09863796597283261,""char"":0.13781183863393814,""lsa"":0.4726462528091649}",2026-09-04T06:34:12+00:00
semv2-efe88180e47a6fc1,2370894,5,publication,792fecc343d1d94e,Nefropatia da Filariose Linfática,0.1543342070673059,"{""word"":0.0,""char"":0.0495189537993748,""lsa"":0.5890817012108525}",2026-09-04T06:34:12+00:00
semv2-efe88180e47a6fc1,1298235,1,lattes_area,5ca0ef31c6aa1790,Medicina,0.4470285662511811,"{""word"":0.17446012266975075,""char"":0.20104429959571732,""lsa"":0.38472108861147375}",2026-09-04T06:34:12+00:00
semv2-efe88180e47a6fc1,1298235,2,profile,1298235,emiliano de oliveira barreto,0.21451585813889607,"{""word"":0.029718464888905945,""char"":0.2091913264808599,""lsa"":0.3866518703814567}",2026-09-04T06:34:12+00:00
semv2-efe88180e47a6fc1,1298235,3,lattes_area,88b1ffe36ff02aec,Saúde Coletiva,0.09718513051753015,"{""word"":0.0571498785657316,""char"":0.06876994255869213,""lsa"":0.13311963635027693}",2026-09-04T06:34:12+00:00
semv2-efe88180e47a6fc1,1298235,4,publication,646719dcca93db41,Análise in sílico de potenciais alvos moleculares associados aos efeitos anti-inflamatórios do uvaol,0.07767860656203118,"{""word"":0.028459026594401356,""char"":0.10921662209555721,""lsa"":0.35408717122610006}",2026-09-04T06:34:12+00:00
semv2-efe88180e47a6fc1,1298235,5,opportunity,98380922,Investigar em células epiteliais A549 os efeitos do uvaol sobre a resposta pró-fibrótica in vitro,0.07267296675879154,"{""word"":0.0055867838380768186,""char"":0.14048294710766163,""lsa"":0.2749315441770597}",2026-09-04T06:34:12+00:00
semv2-efe88180e47a6fc1,1345072,1,lattes_area,ecafcf73b8bbded3,Medicina,0.43796994982765736,"{""word"":0.17446012266975075,""char"":0.20104429959571732,""lsa"":0.38472108861147375}",2026-09-04T06:34:12+00:00
semv2-efe88180e47a6fc1,1345072,2,profile,1345072,jamylle nunes de souza ferro,0.19341104079697236,"{""word"":0.026766895477291164,""char"":0.20425657411556813,""lsa"":0.3824172249624432}",2026-09-04T06:34:12+00:00
semv2-efe88180e47a6fc1,1345072,3,lattes_project,5af65a86abb67d45,Síntese e caracterização de filmes nanocompósitos de carbon dots e biopolímeros para atuarem como sensores colorimétricos e fluorescentes de pH em sistemas biológicos,0.12246149965313387,"{""word"":0.020116838082148366,""char"":0.09853279427404069,""lsa"":0.5126188987725592}",2026-09-04T06:34:12+00:00
semv2-efe88180e47a6fc1,1345072,4,opportunity,98380916,Estabelecimento das condições de transição epitélio-mesenquimal em linhagem de células de câncer de mama humano em modelo 3D,0.1130618704879893,"{""word"":0.019642200950260768,""char"":0.16463316200252678,""lsa"":0.40773697541565285}",2026-09-04T06:34:12+00:00
semv2-efe88180e47a6fc1,1345072,5,lattes_project,7d504ac3ad057b57,Espalhe Ciência,0.11017277580600858,"{""word"":0.046566243863253344,""char"":0.14612151358900768,""lsa"":0.21759689616785424}",2026-09-04T06:34:12+00:00
semv2-efe88180e47a6fc1,3305518,1,lattes_project,d55394e2c2c49ba0,"ANÁLISE SEDIMENTOLÓGICA DE AMOSTRAS DO CANAL DO PARAPUCA, ESTUÁRIO DO RIO SÃO FRANCISCO/SE",0.1250181012410363,"{""word"":0.03175491765743904,""char"":0.1411288842892993,""lsa"":0.44568812065329805}",2026-09-04T06:34:12+00:00
semv2-efe88180e47a6fc1,3305518,2,publication,a808e5b208bbabbf,ILUSTRANDO CIENTIFICAMENTE: ARTE E CIÊNCIA UNIDAS NUMA CARTILHA DIDÁTICA DE ILUSTRAÇÃO CIENTÍFICA PARA ESTUDANTES E PROFESSORES DE CIÊNCIAS E BIOLOGIA,0.09462179717131002,"{""word"":0.022806604766761638,""char"":0.13005954424761274,""lsa"":0.40557744426815134}",2026-09-04T06:34:12+00:00
semv2-efe88180e47a6fc1,3305518,3,publication,ebacfa5ecccef889,BIOLOGIA E CONSERVAÇÃO DE ANFÍBIOS: UMA ANÁLISE DE LIVROS DIDÀTICOS PARA OS ANOS FINAIS DO ENSINO FUNDAMENTAL,0.08320519230945664,"{""word"":0.03176015384299452,""char"":0.12334714763711117,""lsa"":0.3106659523928339}",2026-09-04T06:34:12+00:00
semv2-efe88180e47a6fc1,3305518,4,opportunity,98380943,Biodiversidade dos Ophiuroidea (Echinodermata) em placas de recrutamento no estuário do rio Vaza-Barris,0.07743099700073196,"{""word"":0.006933150389406652,""char"":0.13649100731848404,""lsa"":0.34809374913154734}",2026-09-04T06:34:12+00:00
semv2-efe88180e47a6fc1,3305518,5,profile,3305518,luana marina de castro mendonca,0.07578202149043983,"{""word"":0.014227594743673933,""char"":0.14165682243790384,""lsa"":0.2862194568929488}",2026-09-04T06:34:12+00:00
semv2-efe88180e47a6fc1,3195712,1,opportunity,98381000,"Estado da arte sobre fungos de manguezais: diversidade, ecologia e aplicações biotecnológicas",0.24307081381082782,"{""word"":0.041330908221025454,""char"":0.20265713667555071,""lsa"":0.48519817845643437}",2026-09-04T06:34:12+00:00
semv2-efe88180e47a6fc1,3195712,2,profile,3195712,amanda lys dos santos silva,0.22876492948702898,"{""word"":0.02619078992377261,""char"":0.21250860682021097,""lsa"":0.41862958730613664}",2026-09-04T06:34:12+00:00
semv2-efe88180e47a6fc1,3195712,3,publication,8c80876089dad545,REVISÃO ANUAL DE PATOLOGIA DE PLANTAS,0.1794522513415661,"{""word"":0.041988693201337496,""char"":0.13712053493070772,""lsa"":0.5231789716863255}",2026-09-04T06:34:12+00:00
semv2-efe88180e47a6fc1,3195712,4,opportunity,98380963,BIOPROSPECÇÃO DE FUNGOS FILAMENTOSOS AQUÁTICOS EM ÁREAS DE MANGUEZAL EM MACEIÓ - AL,0.12053430255190067,"{""word"":0.017399380592892862,""char"":0.1781087131802946,""lsa"":0.4050952238936489}",2026-09-04T06:34:12+00:00
semv2-efe88180e47a6fc1,3195712,5,lattes_area,c668e6576de47c49,Matemática,0.11381342096899474,"{""word"":0.0,""char"":0.1262721270552649,""lsa"":0.5028684886316387}",2026-09-04T06:34:12+00:00
semv2-efe88180e47a6fc1,1061797,1,opportunity,98380972,Abordagens de gênero e sexualidade em livros didáticos de Ciências da Natureza da EJA: uma análise das obras aprovadas no PNLD 2026,0.16115998566666065,"{""word"":0.014753565118500345,""char"":0.19920695944951014,""lsa"":0.4460535569567486}",2026-09-04T06:34:12+00:00
semv2-efe88180e47a6fc1,1061797,2,lattes_project,e201ef040d1de8e7,Grupo Pré-Acadêmico de Saúde,0.14528887400600457,"{""word"":0.07674195627021509,""char"":0.06524974311158324,""lsa"":0.34275045454634373}",2026-09-04T06:34:12+00:00
semv2-efe88180e47a6fc1,1061797,3,publication,cad7bbf6c8a85c0e,Educação Ambiental e formação inicial de professores: uma análise das percepções de estudantes da Licenciatura em Ciências Biológicas da UFAL,0.14121764850720253,"{""word"":0.029144100710747474,""char"":0.17974046467683769,""lsa"":0.4295591997490004}",2026-09-04T06:34:12+00:00
semv2-efe88180e47a6fc1,1061797,4,publication,c65154a952025fa3,Educação em saúde e a prevenção de doenças endêmicas no contexto escolar: revisão de literatura,0.11777461234674369,"{""word"":0.04671619401300345,""char"":0.09711331438229598,""lsa"":0.428486137875395}",2026-09-04T06:34:12+00:00
semv2-efe88180e47a6fc1,1061797,5,publication,6bc5bcb95e5e7bb4,Com a diferença tecer a resistência: 3º seminário desfazendo gênero,0.11306537161291177,"{""word"":0.0,""char"":0.05479423072144501,""lsa"":0.5195618788514914}",2026-09-04T06:34:12+00:00
semv2-efe88180e47a6fc1,1358530,1,lattes_area,4a2841e380ec0d38,Medicina,0.43316658004158,"{""word"":0.17446012266975075,""char"":0.20104429959571732,""lsa"":0.3847210886114737}",2026-09-04T06:34:12+00:00
semv2-efe88180e47a6fc1,1358530,2,lattes_project,42251596161f9eee,Estudo da Atividade Leishmanicidade Plantas Medicinais de Interesse ao Sistema Único de Saúde,0.1342991386033756,"{""word"":0.0217061888936464,""char"":0.1542903843988106,""lsa"":0.48170433624247727}",2026-09-04T06:34:12+00:00
semv2-efe88180e47a6fc1,1358530,3,lattes_project,c8921cb2267eb9eb,Ct-INFRA-Pró-equipamento/Subprojeto: Sistema para análise morfo-funcional de células in situ e in vitro em tempo real,0.1190015867514206,"{""word"":0.037505411910175535,""char"":0.13786373554872114,""lsa"":0.41150164153626123}",2026-09-04T06:34:12+00:00
semv2-efe88180e47a6fc1,1358530,4,profile,1358530,magna suzana alexandre moreira,0.1175342715100911,"{""word"":0.02482071003888671,""char"":0.1637937345588444,""lsa"":0.40684540225815125}",2026-09-04T06:34:12+00:00
semv2-efe88180e47a6fc1,1358530,5,opportunity,98380977,Estudo do Extrato Etanólico e Frações das Flores de Gymnanthemum amygdalinum em Linhagem de Glioblastoma Humano U251,0.11132585935003664,"{""word"":0.015569581768273132,""char"":0.1678815412911461,""lsa"":0.3959777162530329}",2026-09-04T06:34:12+00:00
semv2-efe88180e47a6fc1,2579081,1,lattes_area,676bb154e2610328,Medicina,0.34159965364377637,"{""word"":0.17446012266975075,""char"":0.20104429959571732,""lsa"":0.3847210886114737}",2026-09-04T06:34:12+00:00
semv2-efe88180e47a6fc1,2579081,2,lattes_project,eb82d9f9ec8b8bf6,Vigilancia epidemiologica da unidade de emergencia do agreste: implantação de serviço de epidemiologia molecular e criação de banco de dados informatizados para sequencias de rDNA16S de bactérias patogenicas,0.32110805739639525,"{""word"":0.059357521199897983,""char"":0.2119648498402369,""lsa"":0.5090329512027694}",2026-09-04T06:34:12+00:00
semv2-efe88180e47a6fc1,2579081,3,profile,2579081,daniel leite goes gitai,0.3197163634361702,"{""word"":0.06433782362879527,""char"":0.22415621643131142,""lsa"":0.40844889334009077}",2026-09-04T06:34:12+00:00
semv2-efe88180e47a6fc1,2579081,4,lattes_project,fd7539b84ecae7e3,Atualização e Manutenção do ADI Sistema Multidisciplinar para Análise e Aquisição de Dados PowerLab,0.23768568809645751,"{""word"":0.09346744754686614,""char"":0.16589896981955923,""lsa"":0.41884361580040963}",2026-09-04T06:34:12+00:00
semv2-efe88180e47a6fc1,2579081,5,opportunity,98381009,Investigação Integrativa e Validação dos Alvos do miR-10b-5p na Epileptogênese,0.15844775636430428,"{""word"":0.022498581298133785,""char"":0.17826148760743432,""lsa"":0.49323209502687176}",2026-09-04T06:34:12+00:00
semv2-efe88180e47a6fc1,1918787,1,profile,1918787,andrea marques vanderlei fregadolli,0.601352860713653,"{""word"":0.09388484135779755,""char"":0.2758563505490439,""lsa"":0.5555840061161507}",2026-09-04T06:34:12+00:00
semv2-efe88180e47a6fc1,1918787,2,lattes_project,da452b370f00fef5,"DESENVOLVIMENTO DE PESQUISAS SISTEMÁTICAS ONLINE: REVISÃO SISTEMÁTICA, REVISÃO SISTEMÁTICA INTEGRATIVA, MAPEAMENTO SISTEMÁTICO, ESTUDO BIBLIOMÉTRICO, ETNOGRAFIA VIRTUAL E PESQUISA DOCUMENTAL SISTEMÁTICA",0.532354930580816,"{""word"":0.10828151481163661,""char"":0.2314143155484319,""lsa"":0.6095376879533088}",2026-09-04T06:34:12+00:00
semv2-efe88180e47a6fc1,1918787,3,publication,cc13dcabc243c253,PROTOTIPO DE INTELIGÊNCIA ARTIFICIAL PARA FORMAÇÃO DISCENTE DIRECIONADO PARA TRIAGEM SEGUNDO O PROTOCOLO DE MANCHESTER,0.45407029972575963,"{""word"":0.15439951266085641,""char"":0.22250906924440664,""lsa"":0.5146177819535659}",2026-09-04T06:34:12+00:00
semv2-efe88180e47a6fc1,1918787,4,lattes_project,7cfa4d88ac0ebf65,Sistema Integrado das Bases Morfofisiológicas em Mesa Multitoque (SIBAM-3D): gamification a ser aplicado em grupos tutoriais de medicina,0.4291187413024339,"{""word"":0.07076361224027367,""char"":0.1865683754846822,""lsa"":0.7068272107682662}",2026-09-04T06:34:12+00:00
semv2-efe88180e47a6fc1,1918787,5,lattes_project,2d05be05d1404e85,ANÁLISE DAS COMPETÊNCIAS NECESSÁRIAS PARA ABORDAGEM DAS PESSOAS COM EXCESSO DE PESO ENTRE DOUTORANDOS DE MEDICINA,0.3949928388212602,"{""word"":0.08276826950833671,""char"":0.15276748555881986,""lsa"":0.6760036508338065}",2026-09-04T06:34:12+00:00
semv2-efe88180e47a6fc1,1640530,1,lattes_area,6ac7f4f11f5ca1b9,Medicina,0.40086716500632746,"{""word"":0.17446012266975075,""char"":0.20104429959571732,""lsa"":0.38472108861147364}",2026-09-04T06:34:12+00:00
semv2-efe88180e47a6fc1,1640530,2,opportunity,98381077,Detecção de DNA de Schistosoma mansoni em coleções hídricas localizadas em áreas endêmicas para esquistossomose em Alagoas,0.1505815464075585,"{""word"":0.011890789282344733,""char"":0.19365345891777666,""lsa"":0.44212620446870193}",2026-09-04T06:34:12+00:00
semv2-efe88180e47a6fc1,1640530,3,lattes_area,f7e46114c4bb1132,Medicina Veterinária,0.14768778502187627,"{""word"":0.07671263532901876,""char"":0.11483160603036237,""lsa"":0.18824903097477483}",2026-09-04T06:34:12+00:00
semv2-efe88180e47a6fc1,1640530,4,opportunity,98381431,"Levantamento de gastrópodes aquáticos de importância médica em áreas urbanas colapsadas em Maceió, Alagoas",0.1331263618525801,"{""word"":0.007336045161146246,""char"":0.18606179918703392,""lsa"":0.4246349525144734}",2026-09-04T06:34:12+00:00
semv2-efe88180e47a6fc1,1640530,5,lattes_project,b569172d5de4069f,Estruturação do Sistema de Vigilância Aplicado às Zoonoses e Problemas de Saúde Pública nas Populações Canina e Felina da Cidade do Recife. Sub-projeto: Caracterização de Áreas de Risco e Indicadores de Zoonoses Parasitárias Associadas Às Populações Canin,0.1299954084676307,"{""word"":0.013778964298344465,""char"":0.13243680861121895,""lsa"":0.5062179533725213}",2026-09-04T06:34:12+00:00
semv2-efe88180e47a6fc1,3583683,1,profile,3583683,marcos antonio eleuterio da silva,0.4032521498118901,"{""word"":0.07129115366681617,""char"":0.24894133782505595,""lsa"":0.4175083374212943}",2026-09-04T06:34:12+00:00
semv2-efe88180e47a6fc1,3583683,2,lattes_area,a9802824624eaa67,Medicina,0.3203928015089598,"{""word"":0.17446012266975075,""char"":0.20104429959571732,""lsa"":0.38472108861147364}",2026-09-04T06:34:12+00:00
semv2-efe88180e47a6fc1,3583683,3,opportunity,98381231,"Avaliação da saúde mental, saúde sexual e autopercepção corporal em escolares brasileiros para a identificação de fatores ligados ao sofrimento psíquico e à vulnerabilidade social a partir da pesquisa nacional de saúde do escolar – PeNSE 2024.",0.22714964672917873,"{""word"":0.024856424103902888,""char"":0.21304698074720996,""lsa"":0.4087741389175601}",2026-09-04T06:34:12+00:00
semv2-efe88180e47a6fc1,3583683,4,lattes_project,7e73be2fe2ded4e7,Automedicação: uma prática a ser combatida,0.1686238822118518,"{""word"":0.0,""char"":0.06650065380117551,""lsa"":0.6018161410229208}",2026-09-04T06:34:12+00:00
semv2-efe88180e47a6fc1,3583683,5,opportunity,98381107,"Avaliação dos hábitos alimentares, atividade física e autopercepção de peso corporal em escolares brasileiros para a identificação de fatores ligados à obesidade coletados a partir da pesquisa nacional de saúde do escolar – PeNSE 2024.",0.14478787784611188,"{""word"":0.024798837373006106,""char"":0.1898026269477014,""lsa"":0.4176556697598642}",2026-09-04T06:34:12+00:00
semv2-efe88180e47a6fc1,1490861,1,lattes_area,eaecab6eadcd8138,Medicina,0.4233448211131274,"{""word"":0.17446012266975075,""char"":0.20104429959571732,""lsa"":0.3847210886114736}",2026-09-04T06:34:12+00:00
semv2-efe88180e47a6fc1,1490861,2,opportunity,98381164,"Avaliação da Incidência, Morfologia e Evolução Clínica de Nichos Uterinos após Histerotomia: Sutura Farpada versus Convencional",0.2437744923946339,"{""word"":0.04156504057073091,""char"":0.1984207347489022,""lsa"":0.5424187382816056}",2026-09-04T06:34:12+00:00
semv2-efe88180e47a6fc1,1490861,3,opportunity,98381174,"Identificação de estudos e extração, análise e processamento de desfechos intraoperatórios na comparação entre suturas farpadas e convencionais em histerotomias",0.223253493921257,"{""word"":0.03980934336864665,""char"":0.1830395623157886,""lsa"":0.5451289432761988}",2026-09-04T06:34:12+00:00
semv2-efe88180e47a6fc1,1490861,4,opportunity,98381187,Impacto das suturas farpadas versus convencionais nos desfechos clínicos após histerotomia,0.1676767065067192,"{""word"":0.021774798768535462,""char"":0.17680075690091646,""lsa"":0.5115469270493982}",2026-09-04T06:34:12+00:00
semv2-efe88180e47a6fc1,1490861,5,opportunity,98381150,Avaliação da espessura miometrial residual após histerotomia: impacto das técnicas de sutura uterina,0.16365793516048185,"{""word"":0.019612872143344975,""char"":0.16684858124858426,""lsa"":0.5149136391310672}",2026-09-04T06:34:12+00:00
semv2-efe88180e47a6fc1,1544082,1,profile,1544082,marcos vinicius carneiro vital,0.5275627282379762,"{""word"":0.10181914962336146,""char"":0.28173297937672126,""lsa"":0.37142014126191614}",2026-09-04T06:34:12+00:00
semv2-efe88180e47a6fc1,1544082,2,opportunity,98381192,Jogos digitais modificáveis para o ensino de Biologia: Saúde,0.10642204004093607,"{""word"":0.008392665508436495,""char"":0.15593740980154014,""lsa"":0.41415371518842614}",2026-09-04T06:34:12+00:00
semv2-efe88180e47a6fc1,1544082,3,opportunity,98381197,Jogos digitais modificáveis para o ensino de Biologia: Meio Ambiente,0.09030640972505496,"{""word"":0.0,""char"":0.14100420107599348,""lsa"":0.388569186714349}",2026-09-04T06:34:12+00:00
semv2-efe88180e47a6fc1,1544082,4,lattes_project,4886c91c563aa7ce,Levantamentos rápidos de odonata para determinação de áreas prioritárias para conservação na região do corredor central da mata atlântica - I. Análise de Informações bibliográficas,0.08530605899228015,"{""word"":0.029476693022006596,""char"":0.12423688395272713,""lsa"":0.3467141779471973}",2026-09-04T06:34:12+00:00
semv2-efe88180e47a6fc1,1544082,5,opportunity,98381163,Distribuição geográfica de espécies de Odonata: padrões e lacunas,0.07803399589699986,"{""word"":0.021572908065045058,""char"":0.12629975688153977,""lsa"":0.34941451719698513}",2026-09-04T06:34:12+00:00
semv2-efe88180e47a6fc1,1612086,1,lattes_area,d4588b2583a5257c,Medicina,0.4094938103952925,"{""word"":0.17446012266975075,""char"":0.20104429959571732,""lsa"":0.38472108861147375}",2026-09-04T06:34:12+00:00
semv2-efe88180e47a6fc1,1612086,2,lattes_area,da10b361802366b6,Medicina Veterinária,0.14828658583829404,"{""word"":0.07671263532901876,""char"":0.11483160603036237,""lsa"":0.18824903097477483}",2026-09-04T06:34:12+00:00
semv2-efe88180e47a6fc1,1612086,3,profile,1612086,enio jose bassi,0.13494876768055972,"{""word"":0.03152971266188846,""char"":0.18763297403651266,""lsa"":0.3626455580455012}",2026-09-04T06:34:12+00:00
semv2-efe88180e47a6fc1,1612086,4,lattes_project,b08a46ff39ffe5fa,"Análises moleculares para investigação de doenças negligenciadas: detecção, análise e monitoramento de patógenos e vetores gerando indicadores para intervenção ambiental (CESMAC e UFAL)",0.10262803049010619,"{""word"":0.028766238214068793,""char"":0.13882981550967605,""lsa"":0.3919683717719113}",2026-09-04T06:34:12+00:00
semv2-efe88180e47a6fc1,1612086,5,lattes_area,bbb2985a12ab59cf,Saúde Coletiva,0.09520458925642397,"{""word"":0.0571498785657316,""char"":0.06876994255869213,""lsa"":0.1331196363502767}",2026-09-04T06:34:12+00:00
semv2-efe88180e47a6fc1,2943096,1,lattes_project,a3bf6cb9b05f68dd,"MEC/SEB/FNDE - Plataforma +PNE e TC Educa: Integrando Dados Conectados, Inteligência Artificial e Análise de Dados",0.8464930655083457,"{""word"":0.25969342585927485,""char"":0.2837951799963404,""lsa"":0.5743429213811604}",2026-09-04T06:34:12+00:00
semv2-efe88180e47a6fc1,2943096,2,lattes_project,9eeea52b5f5702f5,CNPQ/UFAL/FAPEAL/PIBIC - PROFESSORES E INTELIGÊNCIA ARTIFICIAL DESCONECTADA: REVISÃO SISTEMÁTICA DA LITERATURA E META-ANÁLISE NUMA PERSPECTIVA DE INTELIGÊNCIA AUMENTADA NA EDUCAÇÃO,0.8428311606788659,"{""word"":0.18926488455817514,""char"":0.26443327147589507,""lsa"":0.6617273503937074}",2026-09-04T06:34:12+00:00
semv2-efe88180e47a6fc1,2943096,3,publication,c498eab65c50469e,"Informática na Educação: games, inteligência artificial, realidade virtual/aumentada e computação ubíqua",0.6630517594974847,"{""word"":0.21442057022518035,""char"":0.2526795549281854,""lsa"":0.44569010060331793}",2026-09-04T06:34:12+00:00
semv2-efe88180e47a6fc1,2943096,4,lattes_area,8a77da918b6f0917,Ciência da Informação,0.6216691802373895,"{""word"":0.180957027360013,""char"":0.2569507806357093,""lsa"":0.29594355936038}",2026-09-04T06:34:12+00:00
semv2-efe88180e47a6fc1,2943096,5,opportunity,98381332,REVISÃO SISTEMÁTICA DA LITERATURA SOBRE FEEDBACK EM SISTEMAS TUTORES INTELIGENTES DESPLUGADOS,0.5375172367403221,"{""word"":0.11295798723397542,""char"":0.23272712295667014,""lsa"":0.6037974010510833}",2026-09-04T06:34:12+00:00
semv2-efe88180e47a6fc1,1790572,1,lattes_area,55c19774e9e42002,Medicina,0.3876967248871108,"{""word"":0.17446012266975075,""char"":0.20104429959571732,""lsa"":0.3847210886114737}",2026-09-04T06:34:12+00:00
semv2-efe88180e47a6fc1,1790572,2,lattes_project,765fa6b5c3bcfed6,"Câncer bucal: epidemiologia, análise microbiológica, rastreamento de vírus oncogênicos e marcadores",0.27773523390704374,"{""word"":0.06527998726542897,""char"":0.20319598474541206,""lsa"":0.4544512165620518}",2026-09-04T06:34:12+00:00
semv2-efe88180e47a6fc1,1790572,3,opportunity,98381472,"Própolis Vermelha integrada aos Cuidados em Saúde dos pacientes com Epidermólise Bolhosa em Alagoas: avaliação de longitudinal de parâmetros clínico nutricional, de imunidade e qualidade de vida",0.23693666120696977,"{""word"":0.04344436878402054,""char"":0.20879210602145262,""lsa"":0.40839507825632027}",2026-09-04T06:34:12+00:00
semv2-efe88180e47a6fc1,1790572,4,opportunity,98381308,"Própolis Vermelha integrada aos Cuidados em Saúde dos pacientes com Epidermólise Bolhosa em Alagoas: atividade antimicrobiana de curativos dérmicos desenvolvidos com própolis vermelha sobre bactérias Gram-positivas, isoladas de pacientes com EB",0.21644169231955493,"{""word"":0.04115971559749177,""char"":0.2081167866131126,""lsa"":0.3502791457897457}",2026-09-04T06:34:12+00:00
semv2-efe88180e47a6fc1,1790572,5,opportunity,98381326,"Própolis Vermelha integrada aos Cuidados em Saúde dos pacientes com Epidermólise Bolhosa em Alagoas: atividade antimicrobiana de curativos dérmicos desenvolvidos com própolis vermelha sobre bactérias Gram-negativas, isoladas de pacientes com EB",0.21564495044306464,"{""word"":0.04128304668187625,""char"":0.20801504004259555,""lsa"":0.350698614234335}",2026-09-04T06:34:12+00:00
semv2-efe88180e47a6fc1,1157495,1,opportunity,98381617,Validação epidemiológica e análise exploratória de sinais de dengue no protótipo PegaSUS,0.5696646963053238,"{""word"":0.10320083187749636,""char"":0.25198434937701036,""lsa"":0.5990196616518414}",2026-09-04T06:34:12+00:00
semv2-efe88180e47a6fc1,1157495,2,publication,f3e39b8199a7e159,Prevalência de fluorose dental em regiões abastecidas com água sem suplementação de flúor no território brasileiro: uma revisão sistemática e metanálise,0.528467711471664,"{""word"":0.16796228014030248,""char"":0.1945709633363069,""lsa"":0.7119323272277275}",2026-09-04T06:34:12+00:00
semv2-efe88180e47a6fc1,1157495,3,opportunity,98381611,Organização e harmonização de dados SINAN/DATASUS para o estudo de dengue no protótipo PegaSUS,0.5175372073182292,"{""word"":0.09522134157571646,""char"":0.24203045468086043,""lsa"":0.5700853263463059}",2026-09-04T06:34:12+00:00
semv2-efe88180e47a6fc1,1157495,4,profile,1157495,diego figueiredo nobrega,0.4722906440463692,"{""word"":0.08313683323944521,""char"":0.26531572654898106,""lsa"":0.4306279544575563}",2026-09-04T06:34:12+00:00
semv2-efe88180e47a6fc1,1157495,5,lattes_area,626e5d9ad5fc35f8,Medicina,0.4616036505736102,"{""word"":0.17446012266975075,""char"":0.20104429959571732,""lsa"":0.38472108861147386}",2026-09-04T06:34:12+00:00
semv2-efe88180e47a6fc1,3086042,1,publication,ae65cbb136e9dd97,Revisão do protocolo e seleção de artigos ? Uso de Setmelanotida em Pacientes com Obesidade Causada por Defeitos no Receptor da Leptina: Revisão Sistematica,0.36540762240647634,"{""word"":0.06133717146554217,""char"":0.18784805301376944,""lsa"":0.6564672606344165}",2026-09-04T06:34:12+00:00
semv2-efe88180e47a6fc1,3086042,2,lattes_area,d9451b695539efd0,Medicina,0.33123569303824746,"{""word"":0.17446012266975075,""char"":0.20104429959571732,""lsa"":0.3847210886114736}",2026-09-04T06:34:12+00:00
semv2-efe88180e47a6fc1,3086042,3,publication,b878214b664c2b32,VISITA DOMICILIAR À PESSOA IDOSA NA ATENÇÃO PRIMÁRIA À SAÚDE: REVISÃO SISTEMÁTICA SOBRE CRITÉRIOS DE ORGANIZAÇÃO E PRIORIZAÇÃO,0.25146509857895233,"{""word"":0.08681485827478114,""char"":0.1392513978254782,""lsa"":0.5118923836341888}",2026-09-04T06:34:12+00:00
semv2-efe88180e47a6fc1,3086042,4,profile,3086042,priscila nunes de vasconcelos,0.20882050672013702,"{""word"":0.05578973829639586,""char"":0.1968442011809591,""lsa"":0.44069323030779295}",2026-09-04T06:34:12+00:00
semv2-efe88180e47a6fc1,3086042,5,lattes_project,8be279e77a2a03bc,"Fomentar Estratégias de Formação, Planejamento e Dimensionamento da Força de Trabalho dos Profissionais da Saúde, visando ao fortalecimento do Sistema Único de Saúde - SUS.",0.17955396115160357,"{""word"":0.0588351658728766,""char"":0.16556323619100383,""lsa"":0.4215025590131625}",2026-09-04T06:34:12+00:00
semv2-efe88180e47a6fc1,3314459,1,opportunity,98381369,Análise epidemiológica das pacientes com lesões precursoras e câncer de endométrio em Alagoas (1998–2026),0.4165929717809344,"{""word"":0.0483979926443448,""char"":0.2328925240853134,""lsa"":0.5924991340556599}",2026-09-04T06:34:12+00:00
semv2-efe88180e47a6fc1,3314459,2,lattes_area,64b65153581722dc,Medicina,0.3247608777684176,"{""word"":0.17446012266975075,""char"":0.20104429959571732,""lsa"":0.38472108861147364}",2026-09-04T06:34:12+00:00
semv2-efe88180e47a6fc1,3314459,3,profile,3314459,jose humberto belmino chaves,0.23669083328347093,"{""word"":0.03820364454210953,""char"":0.20190352642994885,""lsa"":0.48746049088959437}",2026-09-04T06:34:12+00:00
semv2-efe88180e47a6fc1,3314459,4,publication,c43c8417bf8805b7,Tratado de Medicina de Urgência e Emergência da Graduação à Pós-Graduação,0.14965316732162626,"{""word"":0.043414485092265455,""char"":0.12365393054272701,""lsa"":0.4916731710313502}",2026-09-04T06:34:12+00:00
semv2-efe88180e47a6fc1,3314459,5,lattes_project,e85a6f0fd164cbb5,PERFIL DAS MULHERES COM LESÕES PRECURSORAS E CÂNCER DO ENDOMÉTRIO NO ESTADO DE ALAGOAS: ELABORAÇÃO DE UM PROTOCOLO DE INTERVENÇÃO NO SISTEMA ÚNICO DE SAÚDE,0.13676765325234652,"{""word"":0.013990903061608977,""char"":0.13793586550135706,""lsa"":0.5106199202143191}",2026-09-04T06:34:12+00:00
semv2-efe88180e47a6fc1,2556863,1,opportunity,98381453,Transparência algorítmica e autonomia na tomada de decisão clínica mediada por Inteligência Artificial: revisão sistemática da literatura,0.693005954936807,"{""word"":0.12042382857523395,""char"":0.26778865560965853,""lsa"":0.66836446924974}",2026-09-04T06:34:12+00:00
semv2-efe88180e47a6fc1,2556863,2,lattes_project,6c28ae8b4a931fa7,MORTALIDADE EMPROSTATECTOMIA RADICAL VS VIGILÂNCIA ATIVA NA ABORDAGEMDOCÂNCERDEPRÓSTATADEBAIXORISCO:UMAREVISÃO SISTEMÁTICA E METANÁLISE,0.5862665923034021,"{""word"":0.1409869254907325,""char"":0.20359317385213446,""lsa"":0.7751285426977562}",2026-09-04T06:34:12+00:00
semv2-efe88180e47a6fc1,2556863,3,lattes_project,44cbb454916d2122,"CURSO DE REVISÃO SISTEMÁTICA SOBRE SAÚDE E QUALIDADE DE VIDA DA TERCEIRA IDADE,",0.40698314224959997,"{""word"":0.10457681839465383,""char"":0.20105004386029193,""lsa"":0.5757563179956574}",2026-09-04T06:34:12+00:00
semv2-efe88180e47a6fc1,2556863,4,lattes_area,a4db0403d640ab26,Medicina,0.34361390182144896,"{""word"":0.17446012266975075,""char"":0.20104429959571732,""lsa"":0.38472108861147364}",2026-09-04T06:34:12+00:00
semv2-efe88180e47a6fc1,2556863,5,profile,2556863,maria das gracas monte mello taveira,0.33996086134930104,"{""word"":0.06233713556055681,""char"":0.2272428134032321,""lsa"":0.432392880351114}",2026-09-04T06:34:12+00:00
semv2-efe88180e47a6fc1,1545496,1,lattes_area,50c8877e87de75bb,Medicina,0.4206206378161518,"{""word"":0.17446012266975075,""char"":0.20104429959571732,""lsa"":0.3847210886114737}",2026-09-04T06:34:12+00:00
semv2-efe88180e47a6fc1,1545496,2,opportunity,98381520,"Avaliação metabólica integrativa do 3-aminotriazole, um inibidor clássico da catálase, em modelo roedor de síndrome metabólica",0.1455199639093645,"{""word"":0.011219436919631847,""char"":0.19472352552784022,""lsa"":0.4220974282386294}",2026-09-04T06:34:12+00:00
semv2-efe88180e47a6fc1,1545496,3,opportunity,98381548,"Avaliação do potencial farmacológico do 3-aminotriazole, um inibidor clássico da catalase, na doença hepática gordurosa não alcoólica em modelo roedor para Síndrome Metabólica",0.13717708072370738,"{""word"":0.010516048653332055,""char"":0.1927688131967019,""lsa"":0.4055841867472715}",2026-09-04T06:34:12+00:00
semv2-efe88180e47a6fc1,1545496,4,lattes_project,5f1f2d85ecc7a67f,"Perfil do sistema renina-angiotensina, do desbalanço redox e de fatores inflamatórios em pacientes portadores da síndrome metabólica submetidos à reabilitação cardiovascular.",0.12438422749138199,"{""word"":0.027394747381797504,""char"":0.17981737841524065,""lsa"":0.38317097896342633}",2026-09-04T06:34:12+00:00
semv2-efe88180e47a6fc1,1545496,5,lattes_project,9bc1a778503ebd4f,Avaliação Cardiovascular e de Parâmetros Oxidativos como Preditores de Risco na Artrite Reumatoide Inicial em Comparação à Artrite Reumatoide Estabelecida,0.12110419938722346,"{""word"":0.028128317733958293,""char"":0.1870631073333888,""lsa"":0.29743636922643846}",2026-09-04T06:34:12+00:00
semv2-efe88180e47a6fc1,3304616,1,lattes_project,d157572170e731c9,Sistema de Informação e Saúde na Atenção Básica,0.4893036033302996,"{""word"":0.1412624053869428,""char"":0.24375682039885724,""lsa"":0.467204707933263}",2026-09-04T06:34:12+00:00
semv2-efe88180e47a6fc1,3304616,2,lattes_area,4dfc6fcea1757e76,Probabilidade e Estatística,0.36694562593747326,"{""word"":0.07456734080303622,""char"":0.23688421499030332,""lsa"":0.36797320193350364}",2026-09-04T06:34:12+00:00
semv2-efe88180e47a6fc1,3304616,3,lattes_area,0c3007cb119aabe4,Medicina,0.3274407546667821,"{""word"":0.17446012266975075,""char"":0.20104429959571732,""lsa"":0.3847210886114737}",2026-09-04T06:34:12+00:00
semv2-efe88180e47a6fc1,3304616,4,opportunity,98381528,Avaliação de Confundidores na Associação entre Distância e Mortalidade por IAM Voltados à Atenção Primária,0.15481949636845913,"{""word"":0.023384177741323377,""char"":0.18970265597429342,""lsa"":0.4527984734794947}",2026-09-04T06:34:12+00:00
semv2-efe88180e47a6fc1,3304616,5,opportunity,98381525,Estimativa da Associação entre Distância Rodoviária e Taxa Municipal de Angioplastia Coronariana de Urgência em Alagoas,0.13717648485363623,"{""word"":0.03078214584880039,""char"":0.15639392399965207,""lsa"":0.4586002971396689}",2026-09-04T06:34:12+00:00
semv2-efe88180e47a6fc1,400800,1,publication,b18f98d1b2fb96fd,10 anos de Estatística Pesqueira do IBAMA na década de 90,0.2742480472743631,"{""word"":0.06304358590800137,""char"":0.20795383754740243,""lsa"":0.4196632482726069}",2026-09-04T06:34:12+00:00
semv2-efe88180e47a6fc1,400800,2,opportunity,98381627,A gestão em áreas protegidas no Brasil – Parte II: o componente sociocultural em APs de uso direto,0.14359248644419695,"{""word"":0.03471506651761452,""char"":0.1743742012272039,""lsa"":0.4279725358253065}",2026-09-04T06:34:12+00:00
semv2-efe88180e47a6fc1,400800,3,lattes_project,303828bc92294a43,Dinâmica espacial e temporal da estrutura populacional por bacia hidrográfica do curimatã (Prochilodus nigricans) na Amazônia Central (CNPq 481620/2004-4),0.12554779318767054,"{""word"":0.06739493939870742,""char"":0.10489656421551383,""lsa"":0.16625731011305558}",2026-09-04T06:34:12+00:00
semv2-efe88180e47a6fc1,400800,4,opportunity,98381541,Atributos bioecológicos de Anomalocardia flexuosa explotada por marisqueiras: o litoral da APACC,0.12198358049057202,"{""word"":0.01419682118598693,""char"":0.1837046009219539,""lsa"":0.3887395927752563}",2026-09-04T06:34:12+00:00
semv2-efe88180e47a6fc1,400800,5,opportunity,98381544,Atributos bioecológicos de Tivela mactroides explotada por marisqueiras: o litoral da APACC,0.11586076935451738,"{""word"":0.014137089347215758,""char"":0.18072510701308903,""lsa"":0.383777740989296}",2026-09-04T06:34:12+00:00
semv2-efe88180e47a6fc1,1573437,1,lattes_area,f863af1e4fe9bda5,Medicina,0.4126806185308798,"{""word"":0.17446012266975075,""char"":0.20104429959571732,""lsa"":0.3847210886114737}",2026-09-04T06:34:12+00:00
semv2-efe88180e47a6fc1,1573437,2,lattes_project,80f2a005d753a2a2,Análise salivar e do fluido gengival da mucosa peri-implantar,0.22600761993668939,"{""word"":0.06796584854070595,""char"":0.10115877746182073,""lsa"":0.5487072677287257}",2026-09-04T06:34:12+00:00
semv2-efe88180e47a6fc1,1573437,3,opportunity,98381736,Analisar os métodos diagnósticos utilizados nos estudos e Sintetizar as evidências científicas disponíveis para aplicação clínica interdisciplinar.,0.21181209001231432,"{""word"":0.03153596843235778,""char"":0.20163130968427073,""lsa"":0.453256278817332}",2026-09-04T06:34:12+00:00
semv2-efe88180e47a6fc1,1573437,4,opportunity,98381727,Investigar possíveis associações entre cariótipo e fenótipo craniofacial na Síndrome de Turner,0.18120593973040877,"{""word"":0.036587127387640195,""char"":0.18962713545410637,""lsa"":0.47947628766995}",2026-09-04T06:34:12+00:00
semv2-efe88180e47a6fc1,1573437,5,lattes_project,50feb3fea6953bea,Análise histomorfométrica de osteócitos e fragmentos de tíbia de coelho mantidos em diferentes meios de armazenagem,0.14394436487064502,"{""word"":0.051328343582861084,""char"":0.09964197059596337,""lsa"":0.47977230902400414}",2026-09-04T06:34:12+00:00
semv2-efe88180e47a6fc1,1804495,1,lattes_area,7e10d6c1dff9aafd,Medicina,0.3843704457575123,"{""word"":0.17446012266975075,""char"":0.20104429959571732,""lsa"":0.3847210886114737}",2026-09-04T06:34:12+00:00
semv2-efe88180e47a6fc1,1804495,2,lattes_project,c562f3680cae6d56,Identificação e epidemiologia de Staphylococcus aureus Meticilina Resistentes (MRSA) e Vancomicina Resistentes (VRSA) em profissionais de saúde (PIBIC-CNPq),0.29963964755985784,"{""word"":0.049139809320135466,""char"":0.15282072686936468,""lsa"":0.6540761257008669}",2026-09-04T06:34:12+00:00
semv2-efe88180e47a6fc1,1804495,3,profile,1804495,fernanda cristina de albuquerque maranhao,0.27213840626689806,"{""word"":0.04761074840268875,""char"":0.22020764783534316,""lsa"":0.40459015696167644}",2026-09-04T06:34:12+00:00
semv2-efe88180e47a6fc1,1804495,4,opportunity,98381734,Avaliação clínica da eficácia de dermocosmético micomedicinal em pacientes com psoríase vulgar,0.16771391734846727,"{""word"":0.0392960885989562,""char"":0.19614874991803377,""lsa"":0.393760560386351}",2026-09-04T06:34:12+00:00
semv2-efe88180e47a6fc1,1804495,5,lattes_project,3616a2d65ce57489,Lupus Eritematoso Sistêmico: interferência de bactérias e fungos patogênicos na morbi-mortalidade de portadores e detecção de virulência por Multiplex-PCR,0.161202095618818,"{""word"":0.0,""char"":0.08837399630287404,""lsa"":0.5821785827498647}",2026-09-04T06:34:12+00:00
semv2-efe88180e47a6fc1,2304973,1,profile,2304973,ivan romero rivera,0.4895665686400351,"{""word"":0.04953185766407188,""char"":0.27050919786937977,""lsa"":0.5393789993456385}",2026-09-04T06:34:12+00:00
semv2-efe88180e47a6fc1,2304973,2,opportunity,98381759,"Aplicação de estratégias de busca bibliográfica, organização e foco na análise da relação da Velocidade da Onda de Pulso e mortalidade por todas as causas após revascularização miocárdica",0.399478050351778,"{""word"":0.04686956936867909,""char"":0.2345754259826458,""lsa"":0.5697701483847925}",2026-09-04T06:34:12+00:00
semv2-efe88180e47a6fc1,2304973,3,opportunity,98381758,"Compilação dos dados bibliográficos, organização e foco na análise da relação da Velocidade da Onda de Pulso e taxas de Fibrilação atrial pós-operatória e complicações renais após revascularização miocárdica",0.38436664677030075,"{""word"":0.0687272497207244,""char"":0.21877638100050453,""lsa"":0.5479689828741754}",2026-09-04T06:34:12+00:00
semv2-efe88180e47a6fc1,2304973,4,lattes_area,94d17147c79c89b3,Medicina,0.35006971551543486,"{""word"":0.17446012266975075,""char"":0.20104429959571732,""lsa"":0.38472108861147375}",2026-09-04T06:34:12+00:00
semv2-efe88180e47a6fc1,2304973,5,publication,0e29f79780bf8d16,I Diretriz Brasileira de Prevenção Cardiovascular,0.16667982708493093,"{""word"":0.08279222073484645,""char"":0.13145238873474602,""lsa"":0.20239716735883476}",2026-09-04T06:34:12+00:00
