model_id,space,topic_id,label,top_terms_json,diagnostics_json,analyzed_at
semv2-efe88180e47a6fc1,domain,0,servicos / coinfeccao tuberculose/hiv / tuberculose/hiv,"[""servicos"",""coinfeccao tuberculose/hiv"",""tuberculose/hiv"",""coinfeccao"",""desigualdades"",""saude"",""acesso"",""tuberculose"",""sociais"",""sistema unico""]","{""space_diagnostics"":{""candidates"":[{""k"":6,""selection_score"":0.7613326932091351,""npmi"":0.4796716654853286,""support_fraction"":1.0,""topic_diversity"":1.0,""reconstruction"":0.10265573408046202,""dominant_support"":[22,5,18,25,2,17]},{""k"":7,""selection_score"":0.7750295707775907,""npmi"":0.5403399947963402,""support_fraction"":1.0,""topic_diversity"":1.0,""reconstruction"":0.11307714545548453,""dominant_support"":[21,3,19,24,2,17,3]},{""k"":8,""selection_score"":0.786845874453431,""npmi"":0.5910971711315991,""support_fraction"":1.0,""topic_diversity"":1.0,""reconstruction"":0.12417626818074157,""dominant_support"":[21,4,17,13,2,17,2,13]},{""k"":9,""selection_score"":0.7916621020645289,""npmi"":0.6220393977722728,""support_fraction"":1.0,""topic_diversity"":0.9861111111111112,""reconstruction"":0.13354666858567987,""dominant_support"":[12,3,16,13,23,16,2,2,2]},{""k"":10,""selection_score"":0.7910222745504142,""npmi"":0.6230180302227237,""support_fraction"":1.0,""topic_diversity"":0.975,""reconstruction"":0.14279112337246258,""dominant_support"":[21,3,15,13,2,12,2,13,3,5]},{""k"":11,""selection_score"":0.7909275116240272,""npmi"":0.6018555946003741,""support_fraction"":1.0,""topic_diversity"":0.9886363636363636,""reconstruction"":0.15219413317786412,""dominant_support"":[10,3,7,12,2,13,22,2,5,8,5]},{""k"":12,""selection_score"":0.7876284258421964,""npmi"":0.5885084978869125,""support_fraction"":1.0,""topic_diversity"":0.9791666666666666,""reconstruction"":0.16062261954320423,""dominant_support"":[3,3,8,11,2,11,2,11,8,15,3,12]},{""k"":13,""selection_score"":0.7971323620318032,""npmi"":0.6285462784102902,""support_fraction"":1.0,""topic_diversity"":0.9807692307692307,""reconstruction"":0.16846173463932657,""dominant_support"":[11,3,8,13,3,12,2,3,7,3,6,4,14]},{""k"":14,""selection_score"":0.7990514068264167,""npmi"":0.6297180005107496,""support_fraction"":1.0,""topic_diversity"":0.9821428571428571,""reconstruction"":0.17786156863796898,""dominant_support"":[13,3,8,10,3,12,3,2,7,4,4,2,14,4]}],""selected_k"":14,""project_count"":89,""opportunity_count"":187,""vocabulary_size"":7763}}",2026-09-04T06:34:12+00:00
semv2-efe88180e47a6fc1,domain,1,eb / pacientes eb / bolhosa,"[""eb"",""pacientes eb"",""bolhosa"",""epidermolise"",""epidermolise bolhosa"",""microbioma"",""nanoprodutos"",""microbiota intestinal"",""feridas"",""feridas cutaneas""]","{""space_diagnostics"":{""candidates"":[{""k"":6,""selection_score"":0.7613326932091351,""npmi"":0.4796716654853286,""support_fraction"":1.0,""topic_diversity"":1.0,""reconstruction"":0.10265573408046202,""dominant_support"":[22,5,18,25,2,17]},{""k"":7,""selection_score"":0.7750295707775907,""npmi"":0.5403399947963402,""support_fraction"":1.0,""topic_diversity"":1.0,""reconstruction"":0.11307714545548453,""dominant_support"":[21,3,19,24,2,17,3]},{""k"":8,""selection_score"":0.786845874453431,""npmi"":0.5910971711315991,""support_fraction"":1.0,""topic_diversity"":1.0,""reconstruction"":0.12417626818074157,""dominant_support"":[21,4,17,13,2,17,2,13]},{""k"":9,""selection_score"":0.7916621020645289,""npmi"":0.6220393977722728,""support_fraction"":1.0,""topic_diversity"":0.9861111111111112,""reconstruction"":0.13354666858567987,""dominant_support"":[12,3,16,13,23,16,2,2,2]},{""k"":10,""selection_score"":0.7910222745504142,""npmi"":0.6230180302227237,""support_fraction"":1.0,""topic_diversity"":0.975,""reconstruction"":0.14279112337246258,""dominant_support"":[21,3,15,13,2,12,2,13,3,5]},{""k"":11,""selection_score"":0.7909275116240272,""npmi"":0.6018555946003741,""support_fraction"":1.0,""topic_diversity"":0.9886363636363636,""reconstruction"":0.15219413317786412,""dominant_support"":[10,3,7,12,2,13,22,2,5,8,5]},{""k"":12,""selection_score"":0.7876284258421964,""npmi"":0.5885084978869125,""support_fraction"":1.0,""topic_diversity"":0.9791666666666666,""reconstruction"":0.16062261954320423,""dominant_support"":[3,3,8,11,2,11,2,11,8,15,3,12]},{""k"":13,""selection_score"":0.7971323620318032,""npmi"":0.6285462784102902,""support_fraction"":1.0,""topic_diversity"":0.9807692307692307,""reconstruction"":0.16846173463932657,""dominant_support"":[11,3,8,13,3,12,2,3,7,3,6,4,14]},{""k"":14,""selection_score"":0.7990514068264167,""npmi"":0.6297180005107496,""support_fraction"":1.0,""topic_diversity"":0.9821428571428571,""reconstruction"":0.17786156863796898,""dominant_support"":[13,3,8,10,3,12,3,2,7,4,4,2,14,4]}],""selected_k"":14,""project_count"":89,""opportunity_count"":187,""vocabulary_size"":7763}}",2026-09-04T06:34:12+00:00
semv2-efe88180e47a6fc1,domain,2,mellonella / experimental / larvas mellonella,"[""mellonella"",""experimental"",""larvas mellonella"",""neuronal"",""larvas"",""galleria mellonella"",""galleria"",""hemocitos"",""estresse"",""drosophila""]","{""space_diagnostics"":{""candidates"":[{""k"":6,""selection_score"":0.7613326932091351,""npmi"":0.4796716654853286,""support_fraction"":1.0,""topic_diversity"":1.0,""reconstruction"":0.10265573408046202,""dominant_support"":[22,5,18,25,2,17]},{""k"":7,""selection_score"":0.7750295707775907,""npmi"":0.5403399947963402,""support_fraction"":1.0,""topic_diversity"":1.0,""reconstruction"":0.11307714545548453,""dominant_support"":[21,3,19,24,2,17,3]},{""k"":8,""selection_score"":0.786845874453431,""npmi"":0.5910971711315991,""support_fraction"":1.0,""topic_diversity"":1.0,""reconstruction"":0.12417626818074157,""dominant_support"":[21,4,17,13,2,17,2,13]},{""k"":9,""selection_score"":0.7916621020645289,""npmi"":0.6220393977722728,""support_fraction"":1.0,""topic_diversity"":0.9861111111111112,""reconstruction"":0.13354666858567987,""dominant_support"":[12,3,16,13,23,16,2,2,2]},{""k"":10,""selection_score"":0.7910222745504142,""npmi"":0.6230180302227237,""support_fraction"":1.0,""topic_diversity"":0.975,""reconstruction"":0.14279112337246258,""dominant_support"":[21,3,15,13,2,12,2,13,3,5]},{""k"":11,""selection_score"":0.7909275116240272,""npmi"":0.6018555946003741,""support_fraction"":1.0,""topic_diversity"":0.9886363636363636,""reconstruction"":0.15219413317786412,""dominant_support"":[10,3,7,12,2,13,22,2,5,8,5]},{""k"":12,""selection_score"":0.7876284258421964,""npmi"":0.5885084978869125,""support_fraction"":1.0,""topic_diversity"":0.9791666666666666,""reconstruction"":0.16062261954320423,""dominant_support"":[3,3,8,11,2,11,2,11,8,15,3,12]},{""k"":13,""selection_score"":0.7971323620318032,""npmi"":0.6285462784102902,""support_fraction"":1.0,""topic_diversity"":0.9807692307692307,""reconstruction"":0.16846173463932657,""dominant_support"":[11,3,8,13,3,12,2,3,7,3,6,4,14]},{""k"":14,""selection_score"":0.7990514068264167,""npmi"":0.6297180005107496,""support_fraction"":1.0,""topic_diversity"":0.9821428571428571,""reconstruction"":0.17786156863796898,""dominant_support"":[13,3,8,10,3,12,3,2,7,4,4,2,14,4]}],""selected_k"":14,""project_count"":89,""opportunity_count"":187,""vocabulary_size"":7763}}",2026-09-04T06:34:12+00:00
semv2-efe88180e47a6fc1,domain,3,apa / costa / corais,"[""apa"",""costa"",""corais"",""costa corais"",""apa costa"",""especies"",""ecossistemas"",""conservacao"",""costeiros"",""ecologia""]","{""space_diagnostics"":{""candidates"":[{""k"":6,""selection_score"":0.7613326932091351,""npmi"":0.4796716654853286,""support_fraction"":1.0,""topic_diversity"":1.0,""reconstruction"":0.10265573408046202,""dominant_support"":[22,5,18,25,2,17]},{""k"":7,""selection_score"":0.7750295707775907,""npmi"":0.5403399947963402,""support_fraction"":1.0,""topic_diversity"":1.0,""reconstruction"":0.11307714545548453,""dominant_support"":[21,3,19,24,2,17,3]},{""k"":8,""selection_score"":0.786845874453431,""npmi"":0.5910971711315991,""support_fraction"":1.0,""topic_diversity"":1.0,""reconstruction"":0.12417626818074157,""dominant_support"":[21,4,17,13,2,17,2,13]},{""k"":9,""selection_score"":0.7916621020645289,""npmi"":0.6220393977722728,""support_fraction"":1.0,""topic_diversity"":0.9861111111111112,""reconstruction"":0.13354666858567987,""dominant_support"":[12,3,16,13,23,16,2,2,2]},{""k"":10,""selection_score"":0.7910222745504142,""npmi"":0.6230180302227237,""support_fraction"":1.0,""topic_diversity"":0.975,""reconstruction"":0.14279112337246258,""dominant_support"":[21,3,15,13,2,12,2,13,3,5]},{""k"":11,""selection_score"":0.7909275116240272,""npmi"":0.6018555946003741,""support_fraction"":1.0,""topic_diversity"":0.9886363636363636,""reconstruction"":0.15219413317786412,""dominant_support"":[10,3,7,12,2,13,22,2,5,8,5]},{""k"":12,""selection_score"":0.7876284258421964,""npmi"":0.5885084978869125,""support_fraction"":1.0,""topic_diversity"":0.9791666666666666,""reconstruction"":0.16062261954320423,""dominant_support"":[3,3,8,11,2,11,2,11,8,15,3,12]},{""k"":13,""selection_score"":0.7971323620318032,""npmi"":0.6285462784102902,""support_fraction"":1.0,""topic_diversity"":0.9807692307692307,""reconstruction"":0.16846173463932657,""dominant_support"":[11,3,8,13,3,12,2,3,7,3,6,4,14]},{""k"":14,""selection_score"":0.7990514068264167,""npmi"":0.6297180005107496,""support_fraction"":1.0,""topic_diversity"":0.9821428571428571,""reconstruction"":0.17786156863796898,""dominant_support"":[13,3,8,10,3,12,3,2,7,4,4,2,14,4]}],""selected_k"":14,""project_count"":89,""opportunity_count"":187,""vocabulary_size"":7763}}",2026-09-04T06:34:12+00:00
semv2-efe88180e47a6fc1,domain,4,saude unica / toxoplasmose / gondii,"[""saude unica"",""toxoplasmose"",""gondii"",""solo"",""contaminacao"",""unica"",""mesorregioes"",""infectantes"",""toxoplasma"",""toxoplasma gondii""]","{""space_diagnostics"":{""candidates"":[{""k"":6,""selection_score"":0.7613326932091351,""npmi"":0.4796716654853286,""support_fraction"":1.0,""topic_diversity"":1.0,""reconstruction"":0.10265573408046202,""dominant_support"":[22,5,18,25,2,17]},{""k"":7,""selection_score"":0.7750295707775907,""npmi"":0.5403399947963402,""support_fraction"":1.0,""topic_diversity"":1.0,""reconstruction"":0.11307714545548453,""dominant_support"":[21,3,19,24,2,17,3]},{""k"":8,""selection_score"":0.786845874453431,""npmi"":0.5910971711315991,""support_fraction"":1.0,""topic_diversity"":1.0,""reconstruction"":0.12417626818074157,""dominant_support"":[21,4,17,13,2,17,2,13]},{""k"":9,""selection_score"":0.7916621020645289,""npmi"":0.6220393977722728,""support_fraction"":1.0,""topic_diversity"":0.9861111111111112,""reconstruction"":0.13354666858567987,""dominant_support"":[12,3,16,13,23,16,2,2,2]},{""k"":10,""selection_score"":0.7910222745504142,""npmi"":0.6230180302227237,""support_fraction"":1.0,""topic_diversity"":0.975,""reconstruction"":0.14279112337246258,""dominant_support"":[21,3,15,13,2,12,2,13,3,5]},{""k"":11,""selection_score"":0.7909275116240272,""npmi"":0.6018555946003741,""support_fraction"":1.0,""topic_diversity"":0.9886363636363636,""reconstruction"":0.15219413317786412,""dominant_support"":[10,3,7,12,2,13,22,2,5,8,5]},{""k"":12,""selection_score"":0.7876284258421964,""npmi"":0.5885084978869125,""support_fraction"":1.0,""topic_diversity"":0.9791666666666666,""reconstruction"":0.16062261954320423,""dominant_support"":[3,3,8,11,2,11,2,11,8,15,3,12]},{""k"":13,""selection_score"":0.7971323620318032,""npmi"":0.6285462784102902,""support_fraction"":1.0,""topic_diversity"":0.9807692307692307,""reconstruction"":0.16846173463932657,""dominant_support"":[11,3,8,13,3,12,2,3,7,3,6,4,14]},{""k"":14,""selection_score"":0.7990514068264167,""npmi"":0.6297180005107496,""support_fraction"":1.0,""topic_diversity"":0.9821428571428571,""reconstruction"":0.17786156863796898,""dominant_support"":[13,3,8,10,3,12,3,2,7,4,4,2,14,4]}],""selected_k"":14,""project_count"":89,""opportunity_count"":187,""vocabulary_size"":7763}}",2026-09-04T06:34:12+00:00
semv2-efe88180e47a6fc1,domain,5,desfechos / pulso / arterial,"[""desfechos"",""pulso"",""arterial"",""onda pulso"",""onda"",""desfechos clinicos"",""metanalise"",""vop"",""revisao sistematica"",""sistematica metanalise""]","{""space_diagnostics"":{""candidates"":[{""k"":6,""selection_score"":0.7613326932091351,""npmi"":0.4796716654853286,""support_fraction"":1.0,""topic_diversity"":1.0,""reconstruction"":0.10265573408046202,""dominant_support"":[22,5,18,25,2,17]},{""k"":7,""selection_score"":0.7750295707775907,""npmi"":0.5403399947963402,""support_fraction"":1.0,""topic_diversity"":1.0,""reconstruction"":0.11307714545548453,""dominant_support"":[21,3,19,24,2,17,3]},{""k"":8,""selection_score"":0.786845874453431,""npmi"":0.5910971711315991,""support_fraction"":1.0,""topic_diversity"":1.0,""reconstruction"":0.12417626818074157,""dominant_support"":[21,4,17,13,2,17,2,13]},{""k"":9,""selection_score"":0.7916621020645289,""npmi"":0.6220393977722728,""support_fraction"":1.0,""topic_diversity"":0.9861111111111112,""reconstruction"":0.13354666858567987,""dominant_support"":[12,3,16,13,23,16,2,2,2]},{""k"":10,""selection_score"":0.7910222745504142,""npmi"":0.6230180302227237,""support_fraction"":1.0,""topic_diversity"":0.975,""reconstruction"":0.14279112337246258,""dominant_support"":[21,3,15,13,2,12,2,13,3,5]},{""k"":11,""selection_score"":0.7909275116240272,""npmi"":0.6018555946003741,""support_fraction"":1.0,""topic_diversity"":0.9886363636363636,""reconstruction"":0.15219413317786412,""dominant_support"":[10,3,7,12,2,13,22,2,5,8,5]},{""k"":12,""selection_score"":0.7876284258421964,""npmi"":0.5885084978869125,""support_fraction"":1.0,""topic_diversity"":0.9791666666666666,""reconstruction"":0.16062261954320423,""dominant_support"":[3,3,8,11,2,11,2,11,8,15,3,12]},{""k"":13,""selection_score"":0.7971323620318032,""npmi"":0.6285462784102902,""support_fraction"":1.0,""topic_diversity"":0.9807692307692307,""reconstruction"":0.16846173463932657,""dominant_support"":[11,3,8,13,3,12,2,3,7,3,6,4,14]},{""k"":14,""selection_score"":0.7990514068264167,""npmi"":0.6297180005107496,""support_fraction"":1.0,""topic_diversity"":0.9821428571428571,""reconstruction"":0.17786156863796898,""dominant_support"":[13,3,8,10,3,12,3,2,7,4,4,2,14,4]}],""selected_k"":14,""project_count"":89,""opportunity_count"":187,""vocabulary_size"":7763}}",2026-09-04T06:34:12+00:00
semv2-efe88180e47a6fc1,domain,6,esquistossomose / mansoni / ovos,"[""esquistossomose"",""mansoni"",""ovos"",""doentes"",""cercaria"",""hospedeiro"",""endemicas"",""parasitos"",""moluscos"",""homem""]","{""space_diagnostics"":{""candidates"":[{""k"":6,""selection_score"":0.7613326932091351,""npmi"":0.4796716654853286,""support_fraction"":1.0,""topic_diversity"":1.0,""reconstruction"":0.10265573408046202,""dominant_support"":[22,5,18,25,2,17]},{""k"":7,""selection_score"":0.7750295707775907,""npmi"":0.5403399947963402,""support_fraction"":1.0,""topic_diversity"":1.0,""reconstruction"":0.11307714545548453,""dominant_support"":[21,3,19,24,2,17,3]},{""k"":8,""selection_score"":0.786845874453431,""npmi"":0.5910971711315991,""support_fraction"":1.0,""topic_diversity"":1.0,""reconstruction"":0.12417626818074157,""dominant_support"":[21,4,17,13,2,17,2,13]},{""k"":9,""selection_score"":0.7916621020645289,""npmi"":0.6220393977722728,""support_fraction"":1.0,""topic_diversity"":0.9861111111111112,""reconstruction"":0.13354666858567987,""dominant_support"":[12,3,16,13,23,16,2,2,2]},{""k"":10,""selection_score"":0.7910222745504142,""npmi"":0.6230180302227237,""support_fraction"":1.0,""topic_diversity"":0.975,""reconstruction"":0.14279112337246258,""dominant_support"":[21,3,15,13,2,12,2,13,3,5]},{""k"":11,""selection_score"":0.7909275116240272,""npmi"":0.6018555946003741,""support_fraction"":1.0,""topic_diversity"":0.9886363636363636,""reconstruction"":0.15219413317786412,""dominant_support"":[10,3,7,12,2,13,22,2,5,8,5]},{""k"":12,""selection_score"":0.7876284258421964,""npmi"":0.5885084978869125,""support_fraction"":1.0,""topic_diversity"":0.9791666666666666,""reconstruction"":0.16062261954320423,""dominant_support"":[3,3,8,11,2,11,2,11,8,15,3,12]},{""k"":13,""selection_score"":0.7971323620318032,""npmi"":0.6285462784102902,""support_fraction"":1.0,""topic_diversity"":0.9807692307692307,""reconstruction"":0.16846173463932657,""dominant_support"":[11,3,8,13,3,12,2,3,7,3,6,4,14]},{""k"":14,""selection_score"":0.7990514068264167,""npmi"":0.6297180005107496,""support_fraction"":1.0,""topic_diversity"":0.9821428571428571,""reconstruction"":0.17786156863796898,""dominant_support"":[13,3,8,10,3,12,3,2,7,4,4,2,14,4]}],""selected_k"":14,""project_count"":89,""opportunity_count"":187,""vocabulary_size"":7763}}",2026-09-04T06:34:12+00:00
semv2-efe88180e47a6fc1,domain,7,mps / placenta / poliestireno,"[""mps"",""placenta"",""poliestireno"",""particulas"",""mps poliestireno"",""vilosidades"",""placentaria"",""corionicas"",""vilosidades corionicas"",""perfusao""]","{""space_diagnostics"":{""candidates"":[{""k"":6,""selection_score"":0.7613326932091351,""npmi"":0.4796716654853286,""support_fraction"":1.0,""topic_diversity"":1.0,""reconstruction"":0.10265573408046202,""dominant_support"":[22,5,18,25,2,17]},{""k"":7,""selection_score"":0.7750295707775907,""npmi"":0.5403399947963402,""support_fraction"":1.0,""topic_diversity"":1.0,""reconstruction"":0.11307714545548453,""dominant_support"":[21,3,19,24,2,17,3]},{""k"":8,""selection_score"":0.786845874453431,""npmi"":0.5910971711315991,""support_fraction"":1.0,""topic_diversity"":1.0,""reconstruction"":0.12417626818074157,""dominant_support"":[21,4,17,13,2,17,2,13]},{""k"":9,""selection_score"":0.7916621020645289,""npmi"":0.6220393977722728,""support_fraction"":1.0,""topic_diversity"":0.9861111111111112,""reconstruction"":0.13354666858567987,""dominant_support"":[12,3,16,13,23,16,2,2,2]},{""k"":10,""selection_score"":0.7910222745504142,""npmi"":0.6230180302227237,""support_fraction"":1.0,""topic_diversity"":0.975,""reconstruction"":0.14279112337246258,""dominant_support"":[21,3,15,13,2,12,2,13,3,5]},{""k"":11,""selection_score"":0.7909275116240272,""npmi"":0.6018555946003741,""support_fraction"":1.0,""topic_diversity"":0.9886363636363636,""reconstruction"":0.15219413317786412,""dominant_support"":[10,3,7,12,2,13,22,2,5,8,5]},{""k"":12,""selection_score"":0.7876284258421964,""npmi"":0.5885084978869125,""support_fraction"":1.0,""topic_diversity"":0.9791666666666666,""reconstruction"":0.16062261954320423,""dominant_support"":[3,3,8,11,2,11,2,11,8,15,3,12]},{""k"":13,""selection_score"":0.7971323620318032,""npmi"":0.6285462784102902,""support_fraction"":1.0,""topic_diversity"":0.9807692307692307,""reconstruction"":0.16846173463932657,""dominant_support"":[11,3,8,13,3,12,2,3,7,3,6,4,14]},{""k"":14,""selection_score"":0.7990514068264167,""npmi"":0.6297180005107496,""support_fraction"":1.0,""topic_diversity"":0.9821428571428571,""reconstruction"":0.17786156863796898,""dominant_support"":[13,3,8,10,3,12,3,2,7,4,4,2,14,4]}],""selected_k"":14,""project_count"":89,""opportunity_count"":187,""vocabulary_size"":7763}}",2026-09-04T06:34:12+00:00
semv2-efe88180e47a6fc1,domain,8,macrofagos / uvaol / ativacao,"[""macrofagos"",""uvaol"",""ativacao"",""celulas"",""tgf-"",""estimulados"",""anti-inflamatorios"",""pro-inflamatorios"",""mediadores"",""thp-1""]","{""space_diagnostics"":{""candidates"":[{""k"":6,""selection_score"":0.7613326932091351,""npmi"":0.4796716654853286,""support_fraction"":1.0,""topic_diversity"":1.0,""reconstruction"":0.10265573408046202,""dominant_support"":[22,5,18,25,2,17]},{""k"":7,""selection_score"":0.7750295707775907,""npmi"":0.5403399947963402,""support_fraction"":1.0,""topic_diversity"":1.0,""reconstruction"":0.11307714545548453,""dominant_support"":[21,3,19,24,2,17,3]},{""k"":8,""selection_score"":0.786845874453431,""npmi"":0.5910971711315991,""support_fraction"":1.0,""topic_diversity"":1.0,""reconstruction"":0.12417626818074157,""dominant_support"":[21,4,17,13,2,17,2,13]},{""k"":9,""selection_score"":0.7916621020645289,""npmi"":0.6220393977722728,""support_fraction"":1.0,""topic_diversity"":0.9861111111111112,""reconstruction"":0.13354666858567987,""dominant_support"":[12,3,16,13,23,16,2,2,2]},{""k"":10,""selection_score"":0.7910222745504142,""npmi"":0.6230180302227237,""support_fraction"":1.0,""topic_diversity"":0.975,""reconstruction"":0.14279112337246258,""dominant_support"":[21,3,15,13,2,12,2,13,3,5]},{""k"":11,""selection_score"":0.7909275116240272,""npmi"":0.6018555946003741,""support_fraction"":1.0,""topic_diversity"":0.9886363636363636,""reconstruction"":0.15219413317786412,""dominant_support"":[10,3,7,12,2,13,22,2,5,8,5]},{""k"":12,""selection_score"":0.7876284258421964,""npmi"":0.5885084978869125,""support_fraction"":1.0,""topic_diversity"":0.9791666666666666,""reconstruction"":0.16062261954320423,""dominant_support"":[3,3,8,11,2,11,2,11,8,15,3,12]},{""k"":13,""selection_score"":0.7971323620318032,""npmi"":0.6285462784102902,""support_fraction"":1.0,""topic_diversity"":0.9807692307692307,""reconstruction"":0.16846173463932657,""dominant_support"":[11,3,8,13,3,12,2,3,7,3,6,4,14]},{""k"":14,""selection_score"":0.7990514068264167,""npmi"":0.6297180005107496,""support_fraction"":1.0,""topic_diversity"":0.9821428571428571,""reconstruction"":0.17786156863796898,""dominant_support"":[13,3,8,10,3,12,3,2,7,4,4,2,14,4]}],""selected_k"":14,""project_count"":89,""opportunity_count"":187,""vocabulary_size"":7763}}",2026-09-04T06:34:12+00:00
semv2-efe88180e47a6fc1,domain,9,laudos / dna-hpv / bolsista,"[""laudos"",""dna-hpv"",""bolsista"",""hpv"",""classificacao"",""coleta organizacao"",""elaboracao tabelas"",""colo"",""cancer colo"",""colo utero""]","{""space_diagnostics"":{""candidates"":[{""k"":6,""selection_score"":0.7613326932091351,""npmi"":0.4796716654853286,""support_fraction"":1.0,""topic_diversity"":1.0,""reconstruction"":0.10265573408046202,""dominant_support"":[22,5,18,25,2,17]},{""k"":7,""selection_score"":0.7750295707775907,""npmi"":0.5403399947963402,""support_fraction"":1.0,""topic_diversity"":1.0,""reconstruction"":0.11307714545548453,""dominant_support"":[21,3,19,24,2,17,3]},{""k"":8,""selection_score"":0.786845874453431,""npmi"":0.5910971711315991,""support_fraction"":1.0,""topic_diversity"":1.0,""reconstruction"":0.12417626818074157,""dominant_support"":[21,4,17,13,2,17,2,13]},{""k"":9,""selection_score"":0.7916621020645289,""npmi"":0.6220393977722728,""support_fraction"":1.0,""topic_diversity"":0.9861111111111112,""reconstruction"":0.13354666858567987,""dominant_support"":[12,3,16,13,23,16,2,2,2]},{""k"":10,""selection_score"":0.7910222745504142,""npmi"":0.6230180302227237,""support_fraction"":1.0,""topic_diversity"":0.975,""reconstruction"":0.14279112337246258,""dominant_support"":[21,3,15,13,2,12,2,13,3,5]},{""k"":11,""selection_score"":0.7909275116240272,""npmi"":0.6018555946003741,""support_fraction"":1.0,""topic_diversity"":0.9886363636363636,""reconstruction"":0.15219413317786412,""dominant_support"":[10,3,7,12,2,13,22,2,5,8,5]},{""k"":12,""selection_score"":0.7876284258421964,""npmi"":0.5885084978869125,""support_fraction"":1.0,""topic_diversity"":0.9791666666666666,""reconstruction"":0.16062261954320423,""dominant_support"":[3,3,8,11,2,11,2,11,8,15,3,12]},{""k"":13,""selection_score"":0.7971323620318032,""npmi"":0.6285462784102902,""support_fraction"":1.0,""topic_diversity"":0.9807692307692307,""reconstruction"":0.16846173463932657,""dominant_support"":[11,3,8,13,3,12,2,3,7,3,6,4,14]},{""k"":14,""selection_score"":0.7990514068264167,""npmi"":0.6297180005107496,""support_fraction"":1.0,""topic_diversity"":0.9821428571428571,""reconstruction"":0.17786156863796898,""dominant_support"":[13,3,8,10,3,12,3,2,7,4,4,2,14,4]}],""selected_k"":14,""project_count"":89,""opportunity_count"":187,""vocabulary_size"":7763}}",2026-09-04T06:34:12+00:00
semv2-efe88180e47a6fc1,domain,10,leveduras / biotecnologicas / biotecnologia,"[""leveduras"",""biotecnologicas"",""biotecnologia"",""culturas"",""leveduras biodiversidade"",""diversidade biotecnologia"",""laboratorio diversidade"",""agricola"",""caatinga"",""crescimento vegetal""]","{""space_diagnostics"":{""candidates"":[{""k"":6,""selection_score"":0.7613326932091351,""npmi"":0.4796716654853286,""support_fraction"":1.0,""topic_diversity"":1.0,""reconstruction"":0.10265573408046202,""dominant_support"":[22,5,18,25,2,17]},{""k"":7,""selection_score"":0.7750295707775907,""npmi"":0.5403399947963402,""support_fraction"":1.0,""topic_diversity"":1.0,""reconstruction"":0.11307714545548453,""dominant_support"":[21,3,19,24,2,17,3]},{""k"":8,""selection_score"":0.786845874453431,""npmi"":0.5910971711315991,""support_fraction"":1.0,""topic_diversity"":1.0,""reconstruction"":0.12417626818074157,""dominant_support"":[21,4,17,13,2,17,2,13]},{""k"":9,""selection_score"":0.7916621020645289,""npmi"":0.6220393977722728,""support_fraction"":1.0,""topic_diversity"":0.9861111111111112,""reconstruction"":0.13354666858567987,""dominant_support"":[12,3,16,13,23,16,2,2,2]},{""k"":10,""selection_score"":0.7910222745504142,""npmi"":0.6230180302227237,""support_fraction"":1.0,""topic_diversity"":0.975,""reconstruction"":0.14279112337246258,""dominant_support"":[21,3,15,13,2,12,2,13,3,5]},{""k"":11,""selection_score"":0.7909275116240272,""npmi"":0.6018555946003741,""support_fraction"":1.0,""topic_diversity"":0.9886363636363636,""reconstruction"":0.15219413317786412,""dominant_support"":[10,3,7,12,2,13,22,2,5,8,5]},{""k"":12,""selection_score"":0.7876284258421964,""npmi"":0.5885084978869125,""support_fraction"":1.0,""topic_diversity"":0.9791666666666666,""reconstruction"":0.16062261954320423,""dominant_support"":[3,3,8,11,2,11,2,11,8,15,3,12]},{""k"":13,""selection_score"":0.7971323620318032,""npmi"":0.6285462784102902,""support_fraction"":1.0,""topic_diversity"":0.9807692307692307,""reconstruction"":0.16846173463932657,""dominant_support"":[11,3,8,13,3,12,2,3,7,3,6,4,14]},{""k"":14,""selection_score"":0.7990514068264167,""npmi"":0.6297180005107496,""support_fraction"":1.0,""topic_diversity"":0.9821428571428571,""reconstruction"":0.17786156863796898,""dominant_support"":[13,3,8,10,3,12,3,2,7,4,4,2,14,4]}],""selected_k"":14,""project_count"":89,""opportunity_count"":187,""vocabulary_size"":7763}}",2026-09-04T06:34:12+00:00
semv2-efe88180e47a6fc1,domain,11,lucidum / pval / dermocosmetico,"[""lucidum"",""pval"",""dermocosmetico"",""dermatoses"",""cogumelo"",""formulacoes"",""antimicrobiana"",""cogumelos"",""dermocosmeticos"",""ganoderma lucidum""]","{""space_diagnostics"":{""candidates"":[{""k"":6,""selection_score"":0.7613326932091351,""npmi"":0.4796716654853286,""support_fraction"":1.0,""topic_diversity"":1.0,""reconstruction"":0.10265573408046202,""dominant_support"":[22,5,18,25,2,17]},{""k"":7,""selection_score"":0.7750295707775907,""npmi"":0.5403399947963402,""support_fraction"":1.0,""topic_diversity"":1.0,""reconstruction"":0.11307714545548453,""dominant_support"":[21,3,19,24,2,17,3]},{""k"":8,""selection_score"":0.786845874453431,""npmi"":0.5910971711315991,""support_fraction"":1.0,""topic_diversity"":1.0,""reconstruction"":0.12417626818074157,""dominant_support"":[21,4,17,13,2,17,2,13]},{""k"":9,""selection_score"":0.7916621020645289,""npmi"":0.6220393977722728,""support_fraction"":1.0,""topic_diversity"":0.9861111111111112,""reconstruction"":0.13354666858567987,""dominant_support"":[12,3,16,13,23,16,2,2,2]},{""k"":10,""selection_score"":0.7910222745504142,""npmi"":0.6230180302227237,""support_fraction"":1.0,""topic_diversity"":0.975,""reconstruction"":0.14279112337246258,""dominant_support"":[21,3,15,13,2,12,2,13,3,5]},{""k"":11,""selection_score"":0.7909275116240272,""npmi"":0.6018555946003741,""support_fraction"":1.0,""topic_diversity"":0.9886363636363636,""reconstruction"":0.15219413317786412,""dominant_support"":[10,3,7,12,2,13,22,2,5,8,5]},{""k"":12,""selection_score"":0.7876284258421964,""npmi"":0.5885084978869125,""support_fraction"":1.0,""topic_diversity"":0.9791666666666666,""reconstruction"":0.16062261954320423,""dominant_support"":[3,3,8,11,2,11,2,11,8,15,3,12]},{""k"":13,""selection_score"":0.7971323620318032,""npmi"":0.6285462784102902,""support_fraction"":1.0,""topic_diversity"":0.9807692307692307,""reconstruction"":0.16846173463932657,""dominant_support"":[11,3,8,13,3,12,2,3,7,3,6,4,14]},{""k"":14,""selection_score"":0.7990514068264167,""npmi"":0.6297180005107496,""support_fraction"":1.0,""topic_diversity"":0.9821428571428571,""reconstruction"":0.17786156863796898,""dominant_support"":[13,3,8,10,3,12,3,2,7,4,4,2,14,4]}],""selected_k"":14,""project_count"":89,""opportunity_count"":187,""vocabulary_size"":7763}}",2026-09-04T06:34:12+00:00
semv2-efe88180e47a6fc1,domain,12,ensino / educacao / pedagogicas,"[""ensino"",""educacao"",""pedagogicas"",""ensino biologia"",""aprendizagem"",""professores"",""pedagogica"",""educacionais"",""educacao basica"",""temas""]","{""space_diagnostics"":{""candidates"":[{""k"":6,""selection_score"":0.7613326932091351,""npmi"":0.4796716654853286,""support_fraction"":1.0,""topic_diversity"":1.0,""reconstruction"":0.10265573408046202,""dominant_support"":[22,5,18,25,2,17]},{""k"":7,""selection_score"":0.7750295707775907,""npmi"":0.5403399947963402,""support_fraction"":1.0,""topic_diversity"":1.0,""reconstruction"":0.11307714545548453,""dominant_support"":[21,3,19,24,2,17,3]},{""k"":8,""selection_score"":0.786845874453431,""npmi"":0.5910971711315991,""support_fraction"":1.0,""topic_diversity"":1.0,""reconstruction"":0.12417626818074157,""dominant_support"":[21,4,17,13,2,17,2,13]},{""k"":9,""selection_score"":0.7916621020645289,""npmi"":0.6220393977722728,""support_fraction"":1.0,""topic_diversity"":0.9861111111111112,""reconstruction"":0.13354666858567987,""dominant_support"":[12,3,16,13,23,16,2,2,2]},{""k"":10,""selection_score"":0.7910222745504142,""npmi"":0.6230180302227237,""support_fraction"":1.0,""topic_diversity"":0.975,""reconstruction"":0.14279112337246258,""dominant_support"":[21,3,15,13,2,12,2,13,3,5]},{""k"":11,""selection_score"":0.7909275116240272,""npmi"":0.6018555946003741,""support_fraction"":1.0,""topic_diversity"":0.9886363636363636,""reconstruction"":0.15219413317786412,""dominant_support"":[10,3,7,12,2,13,22,2,5,8,5]},{""k"":12,""selection_score"":0.7876284258421964,""npmi"":0.5885084978869125,""support_fraction"":1.0,""topic_diversity"":0.9791666666666666,""reconstruction"":0.16062261954320423,""dominant_support"":[3,3,8,11,2,11,2,11,8,15,3,12]},{""k"":13,""selection_score"":0.7971323620318032,""npmi"":0.6285462784102902,""support_fraction"":1.0,""topic_diversity"":0.9807692307692307,""reconstruction"":0.16846173463932657,""dominant_support"":[11,3,8,13,3,12,2,3,7,3,6,4,14]},{""k"":14,""selection_score"":0.7990514068264167,""npmi"":0.6297180005107496,""support_fraction"":1.0,""topic_diversity"":0.9821428571428571,""reconstruction"":0.17786156863796898,""dominant_support"":[13,3,8,10,3,12,3,2,7,4,4,2,14,4]}],""selected_k"":14,""project_count"":89,""opportunity_count"":187,""vocabulary_size"":7763}}",2026-09-04T06:34:12+00:00
semv2-efe88180e47a6fc1,domain,13,virus / orov / oropouche,"[""virus"",""orov"",""oropouche"",""virus oropouche"",""anticorpos"",""viral"",""elisa"",""oropouche orov"",""febre oropouche"",""epitopos""]","{""space_diagnostics"":{""candidates"":[{""k"":6,""selection_score"":0.7613326932091351,""npmi"":0.4796716654853286,""support_fraction"":1.0,""topic_diversity"":1.0,""reconstruction"":0.10265573408046202,""dominant_support"":[22,5,18,25,2,17]},{""k"":7,""selection_score"":0.7750295707775907,""npmi"":0.5403399947963402,""support_fraction"":1.0,""topic_diversity"":1.0,""reconstruction"":0.11307714545548453,""dominant_support"":[21,3,19,24,2,17,3]},{""k"":8,""selection_score"":0.786845874453431,""npmi"":0.5910971711315991,""support_fraction"":1.0,""topic_diversity"":1.0,""reconstruction"":0.12417626818074157,""dominant_support"":[21,4,17,13,2,17,2,13]},{""k"":9,""selection_score"":0.7916621020645289,""npmi"":0.6220393977722728,""support_fraction"":1.0,""topic_diversity"":0.9861111111111112,""reconstruction"":0.13354666858567987,""dominant_support"":[12,3,16,13,23,16,2,2,2]},{""k"":10,""selection_score"":0.7910222745504142,""npmi"":0.6230180302227237,""support_fraction"":1.0,""topic_diversity"":0.975,""reconstruction"":0.14279112337246258,""dominant_support"":[21,3,15,13,2,12,2,13,3,5]},{""k"":11,""selection_score"":0.7909275116240272,""npmi"":0.6018555946003741,""support_fraction"":1.0,""topic_diversity"":0.9886363636363636,""reconstruction"":0.15219413317786412,""dominant_support"":[10,3,7,12,2,13,22,2,5,8,5]},{""k"":12,""selection_score"":0.7876284258421964,""npmi"":0.5885084978869125,""support_fraction"":1.0,""topic_diversity"":0.9791666666666666,""reconstruction"":0.16062261954320423,""dominant_support"":[3,3,8,11,2,11,2,11,8,15,3,12]},{""k"":13,""selection_score"":0.7971323620318032,""npmi"":0.6285462784102902,""support_fraction"":1.0,""topic_diversity"":0.9807692307692307,""reconstruction"":0.16846173463932657,""dominant_support"":[11,3,8,13,3,12,2,3,7,3,6,4,14]},{""k"":14,""selection_score"":0.7990514068264167,""npmi"":0.6297180005107496,""support_fraction"":1.0,""topic_diversity"":0.9821428571428571,""reconstruction"":0.17786156863796898,""dominant_support"":[13,3,8,10,3,12,3,2,7,4,4,2,14,4]}],""selected_k"":14,""project_count"":89,""opportunity_count"":187,""vocabulary_size"":7763}}",2026-09-04T06:34:12+00:00
semv2-efe88180e47a6fc1,methods,0,mtt / celulas / ng/ml,"[""mtt"",""celulas"",""ng/ml"",""pbs"",""pocos"",""bovino"",""horas"",""seguida celulas"",""meio cultura"",""lavadas pbs""]","{""space_diagnostics"":{""candidates"":[{""k"":6,""selection_score"":0.7869067524282198,""npmi"":0.6105083137357022,""support_fraction"":1.0,""topic_diversity"":1.0,""reconstruction"":0.09870059787386243,""dominant_support"":[9,27,27,3,4,19]},{""k"":7,""selection_score"":0.7867512140139529,""npmi"":0.6023647579407407,""support_fraction"":1.0,""topic_diversity"":1.0,""reconstruction"":0.10852174950536497,""dominant_support"":[9,13,23,3,4,17,20]},{""k"":8,""selection_score"":0.7814832583756601,""npmi"":0.5849669435874579,""support_fraction"":1.0,""topic_diversity"":0.984375,""reconstruction"":0.11743246438779009,""dominant_support"":[7,13,16,3,4,14,20,12]},{""k"":9,""selection_score"":0.7785263627710667,""npmi"":0.5761582709519647,""support_fraction"":1.0,""topic_diversity"":0.9722222222222222,""reconstruction"":0.1256684275748614,""dominant_support"":[7,13,7,4,3,13,21,10,11]},{""k"":10,""selection_score"":0.7887393674142731,""npmi"":0.6053542377185723,""support_fraction"":1.0,""topic_diversity"":0.9875,""reconstruction"":0.13445679913705733,""dominant_support"":[6,13,7,3,3,20,10,9,8,10]},{""k"":11,""selection_score"":0.7875961923117436,""npmi"":0.6033686473793755,""support_fraction"":1.0,""topic_diversity"":0.9772727272727273,""reconstruction"":0.14311944920882014,""dominant_support"":[6,9,11,3,2,8,19,7,12,10,2]},{""k"":12,""selection_score"":0.7986300943934763,""npmi"":0.6401891061388894,""support_fraction"":1.0,""topic_diversity"":0.9895833333333334,""reconstruction"":0.1511707099935442,""dominant_support"":[6,11,9,3,2,17,9,10,4,5,2,11]},{""k"":13,""selection_score"":0.7960357581023327,""npmi"":0.6301215547740477,""support_fraction"":1.0,""topic_diversity"":0.9807692307692307,""reconstruction"":0.15905067329118017,""dominant_support"":[5,9,11,3,4,20,6,11,6,3,2,4,5]},{""k"":14,""selection_score"":0.802429553784029,""npmi"":0.6462317139549464,""support_fraction"":1.0,""topic_diversity"":0.9910714285714286,""reconstruction"":0.16645950185836067,""dominant_support"":[6,11,8,3,2,5,17,7,5,12,3,4,4,2]}],""selected_k"":14,""project_count"":89,""opportunity_count"":187,""vocabulary_size"":5966}}",2026-09-04T06:34:12+00:00
semv2-efe88180e47a6fc1,methods,1,or / pubmed / of science,"[""or"",""pubmed"",""of science"",""scopus"",""web of"",""web"",""embase"",""science"",""elegiveis"",""scopus web""]","{""space_diagnostics"":{""candidates"":[{""k"":6,""selection_score"":0.7869067524282198,""npmi"":0.6105083137357022,""support_fraction"":1.0,""topic_diversity"":1.0,""reconstruction"":0.09870059787386243,""dominant_support"":[9,27,27,3,4,19]},{""k"":7,""selection_score"":0.7867512140139529,""npmi"":0.6023647579407407,""support_fraction"":1.0,""topic_diversity"":1.0,""reconstruction"":0.10852174950536497,""dominant_support"":[9,13,23,3,4,17,20]},{""k"":8,""selection_score"":0.7814832583756601,""npmi"":0.5849669435874579,""support_fraction"":1.0,""topic_diversity"":0.984375,""reconstruction"":0.11743246438779009,""dominant_support"":[7,13,16,3,4,14,20,12]},{""k"":9,""selection_score"":0.7785263627710667,""npmi"":0.5761582709519647,""support_fraction"":1.0,""topic_diversity"":0.9722222222222222,""reconstruction"":0.1256684275748614,""dominant_support"":[7,13,7,4,3,13,21,10,11]},{""k"":10,""selection_score"":0.7887393674142731,""npmi"":0.6053542377185723,""support_fraction"":1.0,""topic_diversity"":0.9875,""reconstruction"":0.13445679913705733,""dominant_support"":[6,13,7,3,3,20,10,9,8,10]},{""k"":11,""selection_score"":0.7875961923117436,""npmi"":0.6033686473793755,""support_fraction"":1.0,""topic_diversity"":0.9772727272727273,""reconstruction"":0.14311944920882014,""dominant_support"":[6,9,11,3,2,8,19,7,12,10,2]},{""k"":12,""selection_score"":0.7986300943934763,""npmi"":0.6401891061388894,""support_fraction"":1.0,""topic_diversity"":0.9895833333333334,""reconstruction"":0.1511707099935442,""dominant_support"":[6,11,9,3,2,17,9,10,4,5,2,11]},{""k"":13,""selection_score"":0.7960357581023327,""npmi"":0.6301215547740477,""support_fraction"":1.0,""topic_diversity"":0.9807692307692307,""reconstruction"":0.15905067329118017,""dominant_support"":[5,9,11,3,4,20,6,11,6,3,2,4,5]},{""k"":14,""selection_score"":0.802429553784029,""npmi"":0.6462317139549464,""support_fraction"":1.0,""topic_diversity"":0.9910714285714286,""reconstruction"":0.16645950185836067,""dominant_support"":[6,11,8,3,2,5,17,7,5,12,3,4,4,2]}],""selected_k"":14,""project_count"":89,""opportunity_count"":187,""vocabulary_size"":5966}}",2026-09-04T06:34:12+00:00
semv2-efe88180e47a6fc1,methods,2,tecido / comprimento / hematoxilina,"[""tecido"",""comprimento"",""hematoxilina"",""amostras tecido"",""ventral"",""camera"",""largura"",""amostras obtidas"",""pesca"",""eosina""]","{""space_diagnostics"":{""candidates"":[{""k"":6,""selection_score"":0.7869067524282198,""npmi"":0.6105083137357022,""support_fraction"":1.0,""topic_diversity"":1.0,""reconstruction"":0.09870059787386243,""dominant_support"":[9,27,27,3,4,19]},{""k"":7,""selection_score"":0.7867512140139529,""npmi"":0.6023647579407407,""support_fraction"":1.0,""topic_diversity"":1.0,""reconstruction"":0.10852174950536497,""dominant_support"":[9,13,23,3,4,17,20]},{""k"":8,""selection_score"":0.7814832583756601,""npmi"":0.5849669435874579,""support_fraction"":1.0,""topic_diversity"":0.984375,""reconstruction"":0.11743246438779009,""dominant_support"":[7,13,16,3,4,14,20,12]},{""k"":9,""selection_score"":0.7785263627710667,""npmi"":0.5761582709519647,""support_fraction"":1.0,""topic_diversity"":0.9722222222222222,""reconstruction"":0.1256684275748614,""dominant_support"":[7,13,7,4,3,13,21,10,11]},{""k"":10,""selection_score"":0.7887393674142731,""npmi"":0.6053542377185723,""support_fraction"":1.0,""topic_diversity"":0.9875,""reconstruction"":0.13445679913705733,""dominant_support"":[6,13,7,3,3,20,10,9,8,10]},{""k"":11,""selection_score"":0.7875961923117436,""npmi"":0.6033686473793755,""support_fraction"":1.0,""topic_diversity"":0.9772727272727273,""reconstruction"":0.14311944920882014,""dominant_support"":[6,9,11,3,2,8,19,7,12,10,2]},{""k"":12,""selection_score"":0.7986300943934763,""npmi"":0.6401891061388894,""support_fraction"":1.0,""topic_diversity"":0.9895833333333334,""reconstruction"":0.1511707099935442,""dominant_support"":[6,11,9,3,2,17,9,10,4,5,2,11]},{""k"":13,""selection_score"":0.7960357581023327,""npmi"":0.6301215547740477,""support_fraction"":1.0,""topic_diversity"":0.9807692307692307,""reconstruction"":0.15905067329118017,""dominant_support"":[5,9,11,3,4,20,6,11,6,3,2,4,5]},{""k"":14,""selection_score"":0.802429553784029,""npmi"":0.6462317139549464,""support_fraction"":1.0,""topic_diversity"":0.9910714285714286,""reconstruction"":0.16645950185836067,""dominant_support"":[6,11,8,3,2,5,17,7,5,12,3,4,4,2]}],""selected_k"":14,""project_count"":89,""opportunity_count"":187,""vocabulary_size"":5966}}",2026-09-04T06:34:12+00:00
semv2-efe88180e47a6fc1,methods,3,relativa baixa / vidro ventilados / animais larvas,"[""relativa baixa"",""vidro ventilados"",""animais larvas"",""ventilados"",""baixa luminosidade"",""umidade relativa"",""inalatoria"",""autoclavados temperatura"",""ventilados autoclavados"",""autoclavados""]","{""space_diagnostics"":{""candidates"":[{""k"":6,""selection_score"":0.7869067524282198,""npmi"":0.6105083137357022,""support_fraction"":1.0,""topic_diversity"":1.0,""reconstruction"":0.09870059787386243,""dominant_support"":[9,27,27,3,4,19]},{""k"":7,""selection_score"":0.7867512140139529,""npmi"":0.6023647579407407,""support_fraction"":1.0,""topic_diversity"":1.0,""reconstruction"":0.10852174950536497,""dominant_support"":[9,13,23,3,4,17,20]},{""k"":8,""selection_score"":0.7814832583756601,""npmi"":0.5849669435874579,""support_fraction"":1.0,""topic_diversity"":0.984375,""reconstruction"":0.11743246438779009,""dominant_support"":[7,13,16,3,4,14,20,12]},{""k"":9,""selection_score"":0.7785263627710667,""npmi"":0.5761582709519647,""support_fraction"":1.0,""topic_diversity"":0.9722222222222222,""reconstruction"":0.1256684275748614,""dominant_support"":[7,13,7,4,3,13,21,10,11]},{""k"":10,""selection_score"":0.7887393674142731,""npmi"":0.6053542377185723,""support_fraction"":1.0,""topic_diversity"":0.9875,""reconstruction"":0.13445679913705733,""dominant_support"":[6,13,7,3,3,20,10,9,8,10]},{""k"":11,""selection_score"":0.7875961923117436,""npmi"":0.6033686473793755,""support_fraction"":1.0,""topic_diversity"":0.9772727272727273,""reconstruction"":0.14311944920882014,""dominant_support"":[6,9,11,3,2,8,19,7,12,10,2]},{""k"":12,""selection_score"":0.7986300943934763,""npmi"":0.6401891061388894,""support_fraction"":1.0,""topic_diversity"":0.9895833333333334,""reconstruction"":0.1511707099935442,""dominant_support"":[6,11,9,3,2,17,9,10,4,5,2,11]},{""k"":13,""selection_score"":0.7960357581023327,""npmi"":0.6301215547740477,""support_fraction"":1.0,""topic_diversity"":0.9807692307692307,""reconstruction"":0.15905067329118017,""dominant_support"":[5,9,11,3,4,20,6,11,6,3,2,4,5]},{""k"":14,""selection_score"":0.802429553784029,""npmi"":0.6462317139549464,""support_fraction"":1.0,""topic_diversity"":0.9910714285714286,""reconstruction"":0.16645950185836067,""dominant_support"":[6,11,8,3,2,5,17,7,5,12,3,4,4,2]}],""selected_k"":14,""project_count"":89,""opportunity_count"":187,""vocabulary_size"":5966}}",2026-09-04T06:34:12+00:00
semv2-efe88180e47a6fc1,methods,4,moluscos / concha / fragmento,"[""moluscos"",""concha"",""fragmento"",""ponto coleta"",""colecao hidrica"",""pool"",""pool moluscos"",""numero moluscos"",""promega"",""coordenadas""]","{""space_diagnostics"":{""candidates"":[{""k"":6,""selection_score"":0.7869067524282198,""npmi"":0.6105083137357022,""support_fraction"":1.0,""topic_diversity"":1.0,""reconstruction"":0.09870059787386243,""dominant_support"":[9,27,27,3,4,19]},{""k"":7,""selection_score"":0.7867512140139529,""npmi"":0.6023647579407407,""support_fraction"":1.0,""topic_diversity"":1.0,""reconstruction"":0.10852174950536497,""dominant_support"":[9,13,23,3,4,17,20]},{""k"":8,""selection_score"":0.7814832583756601,""npmi"":0.5849669435874579,""support_fraction"":1.0,""topic_diversity"":0.984375,""reconstruction"":0.11743246438779009,""dominant_support"":[7,13,16,3,4,14,20,12]},{""k"":9,""selection_score"":0.7785263627710667,""npmi"":0.5761582709519647,""support_fraction"":1.0,""topic_diversity"":0.9722222222222222,""reconstruction"":0.1256684275748614,""dominant_support"":[7,13,7,4,3,13,21,10,11]},{""k"":10,""selection_score"":0.7887393674142731,""npmi"":0.6053542377185723,""support_fraction"":1.0,""topic_diversity"":0.9875,""reconstruction"":0.13445679913705733,""dominant_support"":[6,13,7,3,3,20,10,9,8,10]},{""k"":11,""selection_score"":0.7875961923117436,""npmi"":0.6033686473793755,""support_fraction"":1.0,""topic_diversity"":0.9772727272727273,""reconstruction"":0.14311944920882014,""dominant_support"":[6,9,11,3,2,8,19,7,12,10,2]},{""k"":12,""selection_score"":0.7986300943934763,""npmi"":0.6401891061388894,""support_fraction"":1.0,""topic_diversity"":0.9895833333333334,""reconstruction"":0.1511707099935442,""dominant_support"":[6,11,9,3,2,17,9,10,4,5,2,11]},{""k"":13,""selection_score"":0.7960357581023327,""npmi"":0.6301215547740477,""support_fraction"":1.0,""topic_diversity"":0.9807692307692307,""reconstruction"":0.15905067329118017,""dominant_support"":[5,9,11,3,4,20,6,11,6,3,2,4,5]},{""k"":14,""selection_score"":0.802429553784029,""npmi"":0.6462317139549464,""support_fraction"":1.0,""topic_diversity"":0.9910714285714286,""reconstruction"":0.16645950185836067,""dominant_support"":[6,11,8,3,2,5,17,7,5,12,3,4,4,2]}],""selected_k"":14,""project_count"":89,""opportunity_count"":187,""vocabulary_size"":5966}}",2026-09-04T06:34:12+00:00
semv2-efe88180e47a6fc1,methods,5,agar / leveduras / cultivados,"[""agar"",""leveduras"",""cultivados"",""ypd"",""dias"",""rpm"",""destilada"",""agua destilada"",""plantulas"",""ml solucao""]","{""space_diagnostics"":{""candidates"":[{""k"":6,""selection_score"":0.7869067524282198,""npmi"":0.6105083137357022,""support_fraction"":1.0,""topic_diversity"":1.0,""reconstruction"":0.09870059787386243,""dominant_support"":[9,27,27,3,4,19]},{""k"":7,""selection_score"":0.7867512140139529,""npmi"":0.6023647579407407,""support_fraction"":1.0,""topic_diversity"":1.0,""reconstruction"":0.10852174950536497,""dominant_support"":[9,13,23,3,4,17,20]},{""k"":8,""selection_score"":0.7814832583756601,""npmi"":0.5849669435874579,""support_fraction"":1.0,""topic_diversity"":0.984375,""reconstruction"":0.11743246438779009,""dominant_support"":[7,13,16,3,4,14,20,12]},{""k"":9,""selection_score"":0.7785263627710667,""npmi"":0.5761582709519647,""support_fraction"":1.0,""topic_diversity"":0.9722222222222222,""reconstruction"":0.1256684275748614,""dominant_support"":[7,13,7,4,3,13,21,10,11]},{""k"":10,""selection_score"":0.7887393674142731,""npmi"":0.6053542377185723,""support_fraction"":1.0,""topic_diversity"":0.9875,""reconstruction"":0.13445679913705733,""dominant_support"":[6,13,7,3,3,20,10,9,8,10]},{""k"":11,""selection_score"":0.7875961923117436,""npmi"":0.6033686473793755,""support_fraction"":1.0,""topic_diversity"":0.9772727272727273,""reconstruction"":0.14311944920882014,""dominant_support"":[6,9,11,3,2,8,19,7,12,10,2]},{""k"":12,""selection_score"":0.7986300943934763,""npmi"":0.6401891061388894,""support_fraction"":1.0,""topic_diversity"":0.9895833333333334,""reconstruction"":0.1511707099935442,""dominant_support"":[6,11,9,3,2,17,9,10,4,5,2,11]},{""k"":13,""selection_score"":0.7960357581023327,""npmi"":0.6301215547740477,""support_fraction"":1.0,""topic_diversity"":0.9807692307692307,""reconstruction"":0.15905067329118017,""dominant_support"":[5,9,11,3,4,20,6,11,6,3,2,4,5]},{""k"":14,""selection_score"":0.802429553784029,""npmi"":0.6462317139549464,""support_fraction"":1.0,""topic_diversity"":0.9910714285714286,""reconstruction"":0.16645950185836067,""dominant_support"":[6,11,8,3,2,5,17,7,5,12,3,4,4,2]}],""selected_k"":14,""project_count"":89,""opportunity_count"":187,""vocabulary_size"":5966}}",2026-09-04T06:34:12+00:00
semv2-efe88180e47a6fc1,methods,6,exploracao material / pre-analise / ensino,"[""exploracao material"",""pre-analise"",""ensino"",""ac"",""educacao"",""conteudos"",""bardin"",""pre-analise exploracao"",""material tratamento"",""momentos""]","{""space_diagnostics"":{""candidates"":[{""k"":6,""selection_score"":0.7869067524282198,""npmi"":0.6105083137357022,""support_fraction"":1.0,""topic_diversity"":1.0,""reconstruction"":0.09870059787386243,""dominant_support"":[9,27,27,3,4,19]},{""k"":7,""selection_score"":0.7867512140139529,""npmi"":0.6023647579407407,""support_fraction"":1.0,""topic_diversity"":1.0,""reconstruction"":0.10852174950536497,""dominant_support"":[9,13,23,3,4,17,20]},{""k"":8,""selection_score"":0.7814832583756601,""npmi"":0.5849669435874579,""support_fraction"":1.0,""topic_diversity"":0.984375,""reconstruction"":0.11743246438779009,""dominant_support"":[7,13,16,3,4,14,20,12]},{""k"":9,""selection_score"":0.7785263627710667,""npmi"":0.5761582709519647,""support_fraction"":1.0,""topic_diversity"":0.9722222222222222,""reconstruction"":0.1256684275748614,""dominant_support"":[7,13,7,4,3,13,21,10,11]},{""k"":10,""selection_score"":0.7887393674142731,""npmi"":0.6053542377185723,""support_fraction"":1.0,""topic_diversity"":0.9875,""reconstruction"":0.13445679913705733,""dominant_support"":[6,13,7,3,3,20,10,9,8,10]},{""k"":11,""selection_score"":0.7875961923117436,""npmi"":0.6033686473793755,""support_fraction"":1.0,""topic_diversity"":0.9772727272727273,""reconstruction"":0.14311944920882014,""dominant_support"":[6,9,11,3,2,8,19,7,12,10,2]},{""k"":12,""selection_score"":0.7986300943934763,""npmi"":0.6401891061388894,""support_fraction"":1.0,""topic_diversity"":0.9895833333333334,""reconstruction"":0.1511707099935442,""dominant_support"":[6,11,9,3,2,17,9,10,4,5,2,11]},{""k"":13,""selection_score"":0.7960357581023327,""npmi"":0.6301215547740477,""support_fraction"":1.0,""topic_diversity"":0.9807692307692307,""reconstruction"":0.15905067329118017,""dominant_support"":[5,9,11,3,4,20,6,11,6,3,2,4,5]},{""k"":14,""selection_score"":0.802429553784029,""npmi"":0.6462317139549464,""support_fraction"":1.0,""topic_diversity"":0.9910714285714286,""reconstruction"":0.16645950185836067,""dominant_support"":[6,11,8,3,2,5,17,7,5,12,3,4,4,2]}],""selected_k"":14,""project_count"":89,""opportunity_count"":187,""vocabulary_size"":5966}}",2026-09-04T06:34:12+00:00
semv2-efe88180e47a6fc1,methods,7,amostras soro / soro / prnt90,"[""amostras soro"",""soro"",""prnt90"",""reducao placas"",""igg"",""anticorpos"",""placas lise"",""lise"",""virus"",""sangue""]","{""space_diagnostics"":{""candidates"":[{""k"":6,""selection_score"":0.7869067524282198,""npmi"":0.6105083137357022,""support_fraction"":1.0,""topic_diversity"":1.0,""reconstruction"":0.09870059787386243,""dominant_support"":[9,27,27,3,4,19]},{""k"":7,""selection_score"":0.7867512140139529,""npmi"":0.6023647579407407,""support_fraction"":1.0,""topic_diversity"":1.0,""reconstruction"":0.10852174950536497,""dominant_support"":[9,13,23,3,4,17,20]},{""k"":8,""selection_score"":0.7814832583756601,""npmi"":0.5849669435874579,""support_fraction"":1.0,""topic_diversity"":0.984375,""reconstruction"":0.11743246438779009,""dominant_support"":[7,13,16,3,4,14,20,12]},{""k"":9,""selection_score"":0.7785263627710667,""npmi"":0.5761582709519647,""support_fraction"":1.0,""topic_diversity"":0.9722222222222222,""reconstruction"":0.1256684275748614,""dominant_support"":[7,13,7,4,3,13,21,10,11]},{""k"":10,""selection_score"":0.7887393674142731,""npmi"":0.6053542377185723,""support_fraction"":1.0,""topic_diversity"":0.9875,""reconstruction"":0.13445679913705733,""dominant_support"":[6,13,7,3,3,20,10,9,8,10]},{""k"":11,""selection_score"":0.7875961923117436,""npmi"":0.6033686473793755,""support_fraction"":1.0,""topic_diversity"":0.9772727272727273,""reconstruction"":0.14311944920882014,""dominant_support"":[6,9,11,3,2,8,19,7,12,10,2]},{""k"":12,""selection_score"":0.7986300943934763,""npmi"":0.6401891061388894,""support_fraction"":1.0,""topic_diversity"":0.9895833333333334,""reconstruction"":0.1511707099935442,""dominant_support"":[6,11,9,3,2,17,9,10,4,5,2,11]},{""k"":13,""selection_score"":0.7960357581023327,""npmi"":0.6301215547740477,""support_fraction"":1.0,""topic_diversity"":0.9807692307692307,""reconstruction"":0.15905067329118017,""dominant_support"":[5,9,11,3,4,20,6,11,6,3,2,4,5]},{""k"":14,""selection_score"":0.802429553784029,""npmi"":0.6462317139549464,""support_fraction"":1.0,""topic_diversity"":0.9910714285714286,""reconstruction"":0.16645950185836067,""dominant_support"":[6,11,8,3,2,5,17,7,5,12,3,4,4,2]}],""selected_k"":14,""project_count"":89,""opportunity_count"":187,""vocabulary_size"":5966}}",2026-09-04T06:34:12+00:00
semv2-efe88180e47a6fc1,methods,8,meio padrao / moscas / periodicamente novos,"[""meio padrao"",""moscas"",""periodicamente novos"",""novos frascos"",""frascos"",""animais expostos"",""anestesia"",""drosophila"",""forma padronizada"",""locomotora""]","{""space_diagnostics"":{""candidates"":[{""k"":6,""selection_score"":0.7869067524282198,""npmi"":0.6105083137357022,""support_fraction"":1.0,""topic_diversity"":1.0,""reconstruction"":0.09870059787386243,""dominant_support"":[9,27,27,3,4,19]},{""k"":7,""selection_score"":0.7867512140139529,""npmi"":0.6023647579407407,""support_fraction"":1.0,""topic_diversity"":1.0,""reconstruction"":0.10852174950536497,""dominant_support"":[9,13,23,3,4,17,20]},{""k"":8,""selection_score"":0.7814832583756601,""npmi"":0.5849669435874579,""support_fraction"":1.0,""topic_diversity"":0.984375,""reconstruction"":0.11743246438779009,""dominant_support"":[7,13,16,3,4,14,20,12]},{""k"":9,""selection_score"":0.7785263627710667,""npmi"":0.5761582709519647,""support_fraction"":1.0,""topic_diversity"":0.9722222222222222,""reconstruction"":0.1256684275748614,""dominant_support"":[7,13,7,4,3,13,21,10,11]},{""k"":10,""selection_score"":0.7887393674142731,""npmi"":0.6053542377185723,""support_fraction"":1.0,""topic_diversity"":0.9875,""reconstruction"":0.13445679913705733,""dominant_support"":[6,13,7,3,3,20,10,9,8,10]},{""k"":11,""selection_score"":0.7875961923117436,""npmi"":0.6033686473793755,""support_fraction"":1.0,""topic_diversity"":0.9772727272727273,""reconstruction"":0.14311944920882014,""dominant_support"":[6,9,11,3,2,8,19,7,12,10,2]},{""k"":12,""selection_score"":0.7986300943934763,""npmi"":0.6401891061388894,""support_fraction"":1.0,""topic_diversity"":0.9895833333333334,""reconstruction"":0.1511707099935442,""dominant_support"":[6,11,9,3,2,17,9,10,4,5,2,11]},{""k"":13,""selection_score"":0.7960357581023327,""npmi"":0.6301215547740477,""support_fraction"":1.0,""topic_diversity"":0.9807692307692307,""reconstruction"":0.15905067329118017,""dominant_support"":[5,9,11,3,4,20,6,11,6,3,2,4,5]},{""k"":14,""selection_score"":0.802429553784029,""npmi"":0.6462317139549464,""support_fraction"":1.0,""topic_diversity"":0.9910714285714286,""reconstruction"":0.16645950185836067,""dominant_support"":[6,11,8,3,2,5,17,7,5,12,3,4,4,2]}],""selected_k"":14,""project_count"":89,""opportunity_count"":187,""vocabulary_size"":5966}}",2026-09-04T06:34:12+00:00
semv2-efe88180e47a6fc1,methods,9,municipio residencia / municipio / variaveis,"[""municipio residencia"",""municipio"",""variaveis"",""espacial"",""trata-se ecologico"",""ibge"",""mensais"",""pertinente"",""estimativas populacionais"",""incluirao""]","{""space_diagnostics"":{""candidates"":[{""k"":6,""selection_score"":0.7869067524282198,""npmi"":0.6105083137357022,""support_fraction"":1.0,""topic_diversity"":1.0,""reconstruction"":0.09870059787386243,""dominant_support"":[9,27,27,3,4,19]},{""k"":7,""selection_score"":0.7867512140139529,""npmi"":0.6023647579407407,""support_fraction"":1.0,""topic_diversity"":1.0,""reconstruction"":0.10852174950536497,""dominant_support"":[9,13,23,3,4,17,20]},{""k"":8,""selection_score"":0.7814832583756601,""npmi"":0.5849669435874579,""support_fraction"":1.0,""topic_diversity"":0.984375,""reconstruction"":0.11743246438779009,""dominant_support"":[7,13,16,3,4,14,20,12]},{""k"":9,""selection_score"":0.7785263627710667,""npmi"":0.5761582709519647,""support_fraction"":1.0,""topic_diversity"":0.9722222222222222,""reconstruction"":0.1256684275748614,""dominant_support"":[7,13,7,4,3,13,21,10,11]},{""k"":10,""selection_score"":0.7887393674142731,""npmi"":0.6053542377185723,""support_fraction"":1.0,""topic_diversity"":0.9875,""reconstruction"":0.13445679913705733,""dominant_support"":[6,13,7,3,3,20,10,9,8,10]},{""k"":11,""selection_score"":0.7875961923117436,""npmi"":0.6033686473793755,""support_fraction"":1.0,""topic_diversity"":0.9772727272727273,""reconstruction"":0.14311944920882014,""dominant_support"":[6,9,11,3,2,8,19,7,12,10,2]},{""k"":12,""selection_score"":0.7986300943934763,""npmi"":0.6401891061388894,""support_fraction"":1.0,""topic_diversity"":0.9895833333333334,""reconstruction"":0.1511707099935442,""dominant_support"":[6,11,9,3,2,17,9,10,4,5,2,11]},{""k"":13,""selection_score"":0.7960357581023327,""npmi"":0.6301215547740477,""support_fraction"":1.0,""topic_diversity"":0.9807692307692307,""reconstruction"":0.15905067329118017,""dominant_support"":[5,9,11,3,4,20,6,11,6,3,2,4,5]},{""k"":14,""selection_score"":0.802429553784029,""npmi"":0.6462317139549464,""support_fraction"":1.0,""topic_diversity"":0.9910714285714286,""reconstruction"":0.16645950185836067,""dominant_support"":[6,11,8,3,2,5,17,7,5,12,3,4,4,2]}],""selected_k"":14,""project_count"":89,""opportunity_count"":187,""vocabulary_size"":5966}}",2026-09-04T06:34:12+00:00
semv2-efe88180e47a6fc1,methods,10,apresentacao caic / formatacao / treinamento inicial,"[""apresentacao caic"",""formatacao"",""treinamento inicial"",""proposta pesquisador"",""versao final"",""final manuscrito"",""formatacao final"",""diagrama prisma"",""prisma checklist"",""mapear descritores""]","{""space_diagnostics"":{""candidates"":[{""k"":6,""selection_score"":0.7869067524282198,""npmi"":0.6105083137357022,""support_fraction"":1.0,""topic_diversity"":1.0,""reconstruction"":0.09870059787386243,""dominant_support"":[9,27,27,3,4,19]},{""k"":7,""selection_score"":0.7867512140139529,""npmi"":0.6023647579407407,""support_fraction"":1.0,""topic_diversity"":1.0,""reconstruction"":0.10852174950536497,""dominant_support"":[9,13,23,3,4,17,20]},{""k"":8,""selection_score"":0.7814832583756601,""npmi"":0.5849669435874579,""support_fraction"":1.0,""topic_diversity"":0.984375,""reconstruction"":0.11743246438779009,""dominant_support"":[7,13,16,3,4,14,20,12]},{""k"":9,""selection_score"":0.7785263627710667,""npmi"":0.5761582709519647,""support_fraction"":1.0,""topic_diversity"":0.9722222222222222,""reconstruction"":0.1256684275748614,""dominant_support"":[7,13,7,4,3,13,21,10,11]},{""k"":10,""selection_score"":0.7887393674142731,""npmi"":0.6053542377185723,""support_fraction"":1.0,""topic_diversity"":0.9875,""reconstruction"":0.13445679913705733,""dominant_support"":[6,13,7,3,3,20,10,9,8,10]},{""k"":11,""selection_score"":0.7875961923117436,""npmi"":0.6033686473793755,""support_fraction"":1.0,""topic_diversity"":0.9772727272727273,""reconstruction"":0.14311944920882014,""dominant_support"":[6,9,11,3,2,8,19,7,12,10,2]},{""k"":12,""selection_score"":0.7986300943934763,""npmi"":0.6401891061388894,""support_fraction"":1.0,""topic_diversity"":0.9895833333333334,""reconstruction"":0.1511707099935442,""dominant_support"":[6,11,9,3,2,17,9,10,4,5,2,11]},{""k"":13,""selection_score"":0.7960357581023327,""npmi"":0.6301215547740477,""support_fraction"":1.0,""topic_diversity"":0.9807692307692307,""reconstruction"":0.15905067329118017,""dominant_support"":[5,9,11,3,4,20,6,11,6,3,2,4,5]},{""k"":14,""selection_score"":0.802429553784029,""npmi"":0.6462317139549464,""support_fraction"":1.0,""topic_diversity"":0.9910714285714286,""reconstruction"":0.16645950185836067,""dominant_support"":[6,11,8,3,2,5,17,7,5,12,3,4,4,2]}],""selected_k"":14,""project_count"":89,""opportunity_count"":187,""vocabulary_size"":5966}}",2026-09-04T06:34:12+00:00
semv2-efe88180e47a6fc1,methods,11,ruim / ruim ruim / ultimos meses,"[""ruim"",""ruim ruim"",""ultimos meses"",""regular ruim"",""bom bom"",""autopercepcao"",""regular"",""autopercepcao saude"",""bom"",""transversal""]","{""space_diagnostics"":{""candidates"":[{""k"":6,""selection_score"":0.7869067524282198,""npmi"":0.6105083137357022,""support_fraction"":1.0,""topic_diversity"":1.0,""reconstruction"":0.09870059787386243,""dominant_support"":[9,27,27,3,4,19]},{""k"":7,""selection_score"":0.7867512140139529,""npmi"":0.6023647579407407,""support_fraction"":1.0,""topic_diversity"":1.0,""reconstruction"":0.10852174950536497,""dominant_support"":[9,13,23,3,4,17,20]},{""k"":8,""selection_score"":0.7814832583756601,""npmi"":0.5849669435874579,""support_fraction"":1.0,""topic_diversity"":0.984375,""reconstruction"":0.11743246438779009,""dominant_support"":[7,13,16,3,4,14,20,12]},{""k"":9,""selection_score"":0.7785263627710667,""npmi"":0.5761582709519647,""support_fraction"":1.0,""topic_diversity"":0.9722222222222222,""reconstruction"":0.1256684275748614,""dominant_support"":[7,13,7,4,3,13,21,10,11]},{""k"":10,""selection_score"":0.7887393674142731,""npmi"":0.6053542377185723,""support_fraction"":1.0,""topic_diversity"":0.9875,""reconstruction"":0.13445679913705733,""dominant_support"":[6,13,7,3,3,20,10,9,8,10]},{""k"":11,""selection_score"":0.7875961923117436,""npmi"":0.6033686473793755,""support_fraction"":1.0,""topic_diversity"":0.9772727272727273,""reconstruction"":0.14311944920882014,""dominant_support"":[6,9,11,3,2,8,19,7,12,10,2]},{""k"":12,""selection_score"":0.7986300943934763,""npmi"":0.6401891061388894,""support_fraction"":1.0,""topic_diversity"":0.9895833333333334,""reconstruction"":0.1511707099935442,""dominant_support"":[6,11,9,3,2,17,9,10,4,5,2,11]},{""k"":13,""selection_score"":0.7960357581023327,""npmi"":0.6301215547740477,""support_fraction"":1.0,""topic_diversity"":0.9807692307692307,""reconstruction"":0.15905067329118017,""dominant_support"":[5,9,11,3,4,20,6,11,6,3,2,4,5]},{""k"":14,""selection_score"":0.802429553784029,""npmi"":0.6462317139549464,""support_fraction"":1.0,""topic_diversity"":0.9910714285714286,""reconstruction"":0.16645950185836067,""dominant_support"":[6,11,8,3,2,5,17,7,5,12,3,4,4,2]}],""selected_k"":14,""project_count"":89,""opportunity_count"":187,""vocabulary_size"":5966}}",2026-09-04T06:34:12+00:00
semv2-efe88180e47a6fc1,methods,12,placebo / uacap / clinicas anatomia,"[""placebo"",""uacap"",""clinicas anatomia"",""protocolos metodologicos"",""microbioma"",""eb"",""gram-negativas"",""gram-positivas"",""cross-over"",""alternativamente""]","{""space_diagnostics"":{""candidates"":[{""k"":6,""selection_score"":0.7869067524282198,""npmi"":0.6105083137357022,""support_fraction"":1.0,""topic_diversity"":1.0,""reconstruction"":0.09870059787386243,""dominant_support"":[9,27,27,3,4,19]},{""k"":7,""selection_score"":0.7867512140139529,""npmi"":0.6023647579407407,""support_fraction"":1.0,""topic_diversity"":1.0,""reconstruction"":0.10852174950536497,""dominant_support"":[9,13,23,3,4,17,20]},{""k"":8,""selection_score"":0.7814832583756601,""npmi"":0.5849669435874579,""support_fraction"":1.0,""topic_diversity"":0.984375,""reconstruction"":0.11743246438779009,""dominant_support"":[7,13,16,3,4,14,20,12]},{""k"":9,""selection_score"":0.7785263627710667,""npmi"":0.5761582709519647,""support_fraction"":1.0,""topic_diversity"":0.9722222222222222,""reconstruction"":0.1256684275748614,""dominant_support"":[7,13,7,4,3,13,21,10,11]},{""k"":10,""selection_score"":0.7887393674142731,""npmi"":0.6053542377185723,""support_fraction"":1.0,""topic_diversity"":0.9875,""reconstruction"":0.13445679913705733,""dominant_support"":[6,13,7,3,3,20,10,9,8,10]},{""k"":11,""selection_score"":0.7875961923117436,""npmi"":0.6033686473793755,""support_fraction"":1.0,""topic_diversity"":0.9772727272727273,""reconstruction"":0.14311944920882014,""dominant_support"":[6,9,11,3,2,8,19,7,12,10,2]},{""k"":12,""selection_score"":0.7986300943934763,""npmi"":0.6401891061388894,""support_fraction"":1.0,""topic_diversity"":0.9895833333333334,""reconstruction"":0.1511707099935442,""dominant_support"":[6,11,9,3,2,17,9,10,4,5,2,11]},{""k"":13,""selection_score"":0.7960357581023327,""npmi"":0.6301215547740477,""support_fraction"":1.0,""topic_diversity"":0.9807692307692307,""reconstruction"":0.15905067329118017,""dominant_support"":[5,9,11,3,4,20,6,11,6,3,2,4,5]},{""k"":14,""selection_score"":0.802429553784029,""npmi"":0.6462317139549464,""support_fraction"":1.0,""topic_diversity"":0.9910714285714286,""reconstruction"":0.16645950185836067,""dominant_support"":[6,11,8,3,2,5,17,7,5,12,3,4,4,2]}],""selected_k"":14,""project_count"":89,""opportunity_count"":187,""vocabulary_size"":5966}}",2026-09-04T06:34:12+00:00
semv2-efe88180e47a6fc1,methods,13,diariamente / embrioes / femeas,"[""diariamente"",""embrioes"",""femeas"",""eclodidos"",""eclosao"",""desova"",""apos eclosao"",""musgo"",""primeira"",""cm""]","{""space_diagnostics"":{""candidates"":[{""k"":6,""selection_score"":0.7869067524282198,""npmi"":0.6105083137357022,""support_fraction"":1.0,""topic_diversity"":1.0,""reconstruction"":0.09870059787386243,""dominant_support"":[9,27,27,3,4,19]},{""k"":7,""selection_score"":0.7867512140139529,""npmi"":0.6023647579407407,""support_fraction"":1.0,""topic_diversity"":1.0,""reconstruction"":0.10852174950536497,""dominant_support"":[9,13,23,3,4,17,20]},{""k"":8,""selection_score"":0.7814832583756601,""npmi"":0.5849669435874579,""support_fraction"":1.0,""topic_diversity"":0.984375,""reconstruction"":0.11743246438779009,""dominant_support"":[7,13,16,3,4,14,20,12]},{""k"":9,""selection_score"":0.7785263627710667,""npmi"":0.5761582709519647,""support_fraction"":1.0,""topic_diversity"":0.9722222222222222,""reconstruction"":0.1256684275748614,""dominant_support"":[7,13,7,4,3,13,21,10,11]},{""k"":10,""selection_score"":0.7887393674142731,""npmi"":0.6053542377185723,""support_fraction"":1.0,""topic_diversity"":0.9875,""reconstruction"":0.13445679913705733,""dominant_support"":[6,13,7,3,3,20,10,9,8,10]},{""k"":11,""selection_score"":0.7875961923117436,""npmi"":0.6033686473793755,""support_fraction"":1.0,""topic_diversity"":0.9772727272727273,""reconstruction"":0.14311944920882014,""dominant_support"":[6,9,11,3,2,8,19,7,12,10,2]},{""k"":12,""selection_score"":0.7986300943934763,""npmi"":0.6401891061388894,""support_fraction"":1.0,""topic_diversity"":0.9895833333333334,""reconstruction"":0.1511707099935442,""dominant_support"":[6,11,9,3,2,17,9,10,4,5,2,11]},{""k"":13,""selection_score"":0.7960357581023327,""npmi"":0.6301215547740477,""support_fraction"":1.0,""topic_diversity"":0.9807692307692307,""reconstruction"":0.15905067329118017,""dominant_support"":[5,9,11,3,4,20,6,11,6,3,2,4,5]},{""k"":14,""selection_score"":0.802429553784029,""npmi"":0.6462317139549464,""support_fraction"":1.0,""topic_diversity"":0.9910714285714286,""reconstruction"":0.16645950185836067,""dominant_support"":[6,11,8,3,2,5,17,7,5,12,3,4,4,2]}],""selected_k"":14,""project_count"":89,""opportunity_count"":187,""vocabulary_size"":5966}}",2026-09-04T06:34:12+00:00
semv2-efe88180e47a6fc1,skills,0,critica / comunicacao / leitura critica,"[""critica"",""comunicacao"",""leitura critica"",""interpretacao"",""critico"",""pensamento"",""redacao"",""capacidade"",""pensamento critico"",""relacionadas""]","{""space_diagnostics"":{""candidates"":[{""k"":6,""selection_score"":0.8276895951759259,""npmi"":0.7938983833286125,""support_fraction"":1.0,""topic_diversity"":1.0,""reconstruction"":0.12606612340135614,""dominant_support"":[74,5,2,3,2,3]},{""k"":7,""selection_score"":0.8125070095048209,""npmi"":0.7082537051143396,""support_fraction"":1.0,""topic_diversity"":1.0,""reconstruction"":0.1390417898796864,""dominant_support"":[43,5,2,2,2,3,32]},{""k"":8,""selection_score"":0.802330619239653,""npmi"":0.6643131022799044,""support_fraction"":1.0,""topic_diversity"":0.984375,""reconstruction"":0.15061999189114728,""dominant_support"":[39,5,2,2,2,3,17,19]},{""k"":9,""selection_score"":0.7962018916515616,""npmi"":0.6102420424927053,""support_fraction"":1.0,""topic_diversity"":1.0,""reconstruction"":0.1610232210201371,""dominant_support"":[38,5,3,2,2,3,14,15,7]},{""k"":10,""selection_score"":0.7906149529686717,""npmi"":0.5869562479507342,""support_fraction"":1.0,""topic_diversity"":0.9875,""reconstruction"":0.17149135585683195,""dominant_support"":[12,4,2,2,2,2,11,10,12,32]},{""k"":11,""selection_score"":0.7909379795259139,""npmi"":0.5912983981399115,""support_fraction"":1.0,""topic_diversity"":0.9772727272727273,""reconstruction"":0.18149169628924133,""dominant_support"":[9,4,2,2,2,2,11,11,41,3,2]},{""k"":12,""selection_score"":0.7937842955195873,""npmi"":0.5848677491002158,""support_fraction"":1.0,""topic_diversity"":0.9895833333333334,""reconstruction"":0.19262719355251523,""dominant_support"":[6,4,2,2,2,2,10,11,6,35,4,5]},{""k"":13,""selection_score"":0.7921029567333557,""npmi"":0.5586693500458384,""support_fraction"":1.0,""topic_diversity"":1.0,""reconstruction"":0.20246057816125396,""dominant_support"":[2,4,2,2,2,2,9,5,6,32,10,5,8]},{""k"":14,""selection_score"":0.7753289536391107,""npmi"":0.512775636715035,""support_fraction"":1.0,""topic_diversity"":0.9553571428571429,""reconstruction"":0.2113493181645011,""dominant_support"":[19,4,2,2,2,3,7,9,2,16,4,7,7,5]}],""selected_k"":6,""project_count"":89,""opportunity_count"":187,""vocabulary_size"":1840}}",2026-09-04T06:34:12+00:00
semv2-efe88180e47a6fc1,skills,1,analises clinicas / pos stricto / stricto sensu,"[""analises clinicas"",""pos stricto"",""stricto sensu"",""tcc"",""pos"",""ambulatoriais experiencia"",""escrita relatorios"",""estagio unidade"",""hospitalar creb"",""experiencia academica""]","{""space_diagnostics"":{""candidates"":[{""k"":6,""selection_score"":0.8276895951759259,""npmi"":0.7938983833286125,""support_fraction"":1.0,""topic_diversity"":1.0,""reconstruction"":0.12606612340135614,""dominant_support"":[74,5,2,3,2,3]},{""k"":7,""selection_score"":0.8125070095048209,""npmi"":0.7082537051143396,""support_fraction"":1.0,""topic_diversity"":1.0,""reconstruction"":0.1390417898796864,""dominant_support"":[43,5,2,2,2,3,32]},{""k"":8,""selection_score"":0.802330619239653,""npmi"":0.6643131022799044,""support_fraction"":1.0,""topic_diversity"":0.984375,""reconstruction"":0.15061999189114728,""dominant_support"":[39,5,2,2,2,3,17,19]},{""k"":9,""selection_score"":0.7962018916515616,""npmi"":0.6102420424927053,""support_fraction"":1.0,""topic_diversity"":1.0,""reconstruction"":0.1610232210201371,""dominant_support"":[38,5,3,2,2,3,14,15,7]},{""k"":10,""selection_score"":0.7906149529686717,""npmi"":0.5869562479507342,""support_fraction"":1.0,""topic_diversity"":0.9875,""reconstruction"":0.17149135585683195,""dominant_support"":[12,4,2,2,2,2,11,10,12,32]},{""k"":11,""selection_score"":0.7909379795259139,""npmi"":0.5912983981399115,""support_fraction"":1.0,""topic_diversity"":0.9772727272727273,""reconstruction"":0.18149169628924133,""dominant_support"":[9,4,2,2,2,2,11,11,41,3,2]},{""k"":12,""selection_score"":0.7937842955195873,""npmi"":0.5848677491002158,""support_fraction"":1.0,""topic_diversity"":0.9895833333333334,""reconstruction"":0.19262719355251523,""dominant_support"":[6,4,2,2,2,2,10,11,6,35,4,5]},{""k"":13,""selection_score"":0.7921029567333557,""npmi"":0.5586693500458384,""support_fraction"":1.0,""topic_diversity"":1.0,""reconstruction"":0.20246057816125396,""dominant_support"":[2,4,2,2,2,2,9,5,6,32,10,5,8]},{""k"":14,""selection_score"":0.7753289536391107,""npmi"":0.512775636715035,""support_fraction"":1.0,""topic_diversity"":0.9553571428571429,""reconstruction"":0.2113493181645011,""dominant_support"":[19,4,2,2,2,3,7,9,2,16,4,7,7,5]}],""selected_k"":6,""project_count"":89,""opportunity_count"":187,""vocabulary_size"":1840}}",2026-09-04T06:34:12+00:00
semv2-efe88180e47a6fc1,skills,2,microbiologia biologia / praticas metodo / artigos grupo,"[""microbiologia biologia"",""praticas metodo"",""artigos grupo"",""metodo discussao"",""popularizacao ciencia"",""lavagem vidraria"",""leitura escrita"",""escrita boas"",""colaboracoes colegas"",""divulgacao popularizacao""]","{""space_diagnostics"":{""candidates"":[{""k"":6,""selection_score"":0.8276895951759259,""npmi"":0.7938983833286125,""support_fraction"":1.0,""topic_diversity"":1.0,""reconstruction"":0.12606612340135614,""dominant_support"":[74,5,2,3,2,3]},{""k"":7,""selection_score"":0.8125070095048209,""npmi"":0.7082537051143396,""support_fraction"":1.0,""topic_diversity"":1.0,""reconstruction"":0.1390417898796864,""dominant_support"":[43,5,2,2,2,3,32]},{""k"":8,""selection_score"":0.802330619239653,""npmi"":0.6643131022799044,""support_fraction"":1.0,""topic_diversity"":0.984375,""reconstruction"":0.15061999189114728,""dominant_support"":[39,5,2,2,2,3,17,19]},{""k"":9,""selection_score"":0.7962018916515616,""npmi"":0.6102420424927053,""support_fraction"":1.0,""topic_diversity"":1.0,""reconstruction"":0.1610232210201371,""dominant_support"":[38,5,3,2,2,3,14,15,7]},{""k"":10,""selection_score"":0.7906149529686717,""npmi"":0.5869562479507342,""support_fraction"":1.0,""topic_diversity"":0.9875,""reconstruction"":0.17149135585683195,""dominant_support"":[12,4,2,2,2,2,11,10,12,32]},{""k"":11,""selection_score"":0.7909379795259139,""npmi"":0.5912983981399115,""support_fraction"":1.0,""topic_diversity"":0.9772727272727273,""reconstruction"":0.18149169628924133,""dominant_support"":[9,4,2,2,2,2,11,11,41,3,2]},{""k"":12,""selection_score"":0.7937842955195873,""npmi"":0.5848677491002158,""support_fraction"":1.0,""topic_diversity"":0.9895833333333334,""reconstruction"":0.19262719355251523,""dominant_support"":[6,4,2,2,2,2,10,11,6,35,4,5]},{""k"":13,""selection_score"":0.7921029567333557,""npmi"":0.5586693500458384,""support_fraction"":1.0,""topic_diversity"":1.0,""reconstruction"":0.20246057816125396,""dominant_support"":[2,4,2,2,2,2,9,5,6,32,10,5,8]},{""k"":14,""selection_score"":0.7753289536391107,""npmi"":0.512775636715035,""support_fraction"":1.0,""topic_diversity"":0.9553571428571429,""reconstruction"":0.2113493181645011,""dominant_support"":[19,4,2,2,2,3,7,9,2,16,4,7,7,5]}],""selected_k"":6,""project_count"":89,""opportunity_count"":187,""vocabulary_size"":1840}}",2026-09-04T06:34:12+00:00
semv2-efe88180e47a6fc1,skills,3,pautada relevancia / integracao estudantes / centrais escopo,"[""pautada relevancia"",""integracao estudantes"",""centrais escopo"",""fronteirica execucao"",""bolsa centrais"",""transdisciplinar"",""translacional fronteirica"",""transdisciplinar integracao"",""recursos visao"",""discente perspectiva""]","{""space_diagnostics"":{""candidates"":[{""k"":6,""selection_score"":0.8276895951759259,""npmi"":0.7938983833286125,""support_fraction"":1.0,""topic_diversity"":1.0,""reconstruction"":0.12606612340135614,""dominant_support"":[74,5,2,3,2,3]},{""k"":7,""selection_score"":0.8125070095048209,""npmi"":0.7082537051143396,""support_fraction"":1.0,""topic_diversity"":1.0,""reconstruction"":0.1390417898796864,""dominant_support"":[43,5,2,2,2,3,32]},{""k"":8,""selection_score"":0.802330619239653,""npmi"":0.6643131022799044,""support_fraction"":1.0,""topic_diversity"":0.984375,""reconstruction"":0.15061999189114728,""dominant_support"":[39,5,2,2,2,3,17,19]},{""k"":9,""selection_score"":0.7962018916515616,""npmi"":0.6102420424927053,""support_fraction"":1.0,""topic_diversity"":1.0,""reconstruction"":0.1610232210201371,""dominant_support"":[38,5,3,2,2,3,14,15,7]},{""k"":10,""selection_score"":0.7906149529686717,""npmi"":0.5869562479507342,""support_fraction"":1.0,""topic_diversity"":0.9875,""reconstruction"":0.17149135585683195,""dominant_support"":[12,4,2,2,2,2,11,10,12,32]},{""k"":11,""selection_score"":0.7909379795259139,""npmi"":0.5912983981399115,""support_fraction"":1.0,""topic_diversity"":0.9772727272727273,""reconstruction"":0.18149169628924133,""dominant_support"":[9,4,2,2,2,2,11,11,41,3,2]},{""k"":12,""selection_score"":0.7937842955195873,""npmi"":0.5848677491002158,""support_fraction"":1.0,""topic_diversity"":0.9895833333333334,""reconstruction"":0.19262719355251523,""dominant_support"":[6,4,2,2,2,2,10,11,6,35,4,5]},{""k"":13,""selection_score"":0.7921029567333557,""npmi"":0.5586693500458384,""support_fraction"":1.0,""topic_diversity"":1.0,""reconstruction"":0.20246057816125396,""dominant_support"":[2,4,2,2,2,2,9,5,6,32,10,5,8]},{""k"":14,""selection_score"":0.7753289536391107,""npmi"":0.512775636715035,""support_fraction"":1.0,""topic_diversity"":0.9553571428571429,""reconstruction"":0.2113493181645011,""dominant_support"":[19,4,2,2,2,3,7,9,2,16,4,7,7,5]}],""selected_k"":6,""project_count"":89,""opportunity_count"":187,""vocabulary_size"":1840}}",2026-09-04T06:34:12+00:00
semv2-efe88180e47a6fc1,skills,4,afetados parasito / alem treinamento / apresentara seminarios,"[""afetados parasito"",""alem treinamento"",""apresentara seminarios"",""apos compreensao"",""ano neste"",""amostras regioes"",""associada esquistossomose"",""bolsa curso"",""artigos confeccionados"",""curso saude""]","{""space_diagnostics"":{""candidates"":[{""k"":6,""selection_score"":0.8276895951759259,""npmi"":0.7938983833286125,""support_fraction"":1.0,""topic_diversity"":1.0,""reconstruction"":0.12606612340135614,""dominant_support"":[74,5,2,3,2,3]},{""k"":7,""selection_score"":0.8125070095048209,""npmi"":0.7082537051143396,""support_fraction"":1.0,""topic_diversity"":1.0,""reconstruction"":0.1390417898796864,""dominant_support"":[43,5,2,2,2,3,32]},{""k"":8,""selection_score"":0.802330619239653,""npmi"":0.6643131022799044,""support_fraction"":1.0,""topic_diversity"":0.984375,""reconstruction"":0.15061999189114728,""dominant_support"":[39,5,2,2,2,3,17,19]},{""k"":9,""selection_score"":0.7962018916515616,""npmi"":0.6102420424927053,""support_fraction"":1.0,""topic_diversity"":1.0,""reconstruction"":0.1610232210201371,""dominant_support"":[38,5,3,2,2,3,14,15,7]},{""k"":10,""selection_score"":0.7906149529686717,""npmi"":0.5869562479507342,""support_fraction"":1.0,""topic_diversity"":0.9875,""reconstruction"":0.17149135585683195,""dominant_support"":[12,4,2,2,2,2,11,10,12,32]},{""k"":11,""selection_score"":0.7909379795259139,""npmi"":0.5912983981399115,""support_fraction"":1.0,""topic_diversity"":0.9772727272727273,""reconstruction"":0.18149169628924133,""dominant_support"":[9,4,2,2,2,2,11,11,41,3,2]},{""k"":12,""selection_score"":0.7937842955195873,""npmi"":0.5848677491002158,""support_fraction"":1.0,""topic_diversity"":0.9895833333333334,""reconstruction"":0.19262719355251523,""dominant_support"":[6,4,2,2,2,2,10,11,6,35,4,5]},{""k"":13,""selection_score"":0.7921029567333557,""npmi"":0.5586693500458384,""support_fraction"":1.0,""topic_diversity"":1.0,""reconstruction"":0.20246057816125396,""dominant_support"":[2,4,2,2,2,2,9,5,6,32,10,5,8]},{""k"":14,""selection_score"":0.7753289536391107,""npmi"":0.512775636715035,""support_fraction"":1.0,""topic_diversity"":0.9553571428571429,""reconstruction"":0.2113493181645011,""dominant_support"":[19,4,2,2,2,3,7,9,2,16,4,7,7,5]}],""selected_k"":6,""project_count"":89,""opportunity_count"":187,""vocabulary_size"":1840}}",2026-09-04T06:34:12+00:00
semv2-efe88180e47a6fc1,skills,5,fatores fundamentais / estudar distribuicao / aplicacao fundamentos,"[""fatores fundamentais"",""estudar distribuicao"",""aplicacao fundamentos"",""coleta interpretacao"",""frequencias doencas"",""possibilitando detalhamento"",""fundamentar tomada"",""fundamentais gestao"",""sejam importantes"",""importantes saude""]","{""space_diagnostics"":{""candidates"":[{""k"":6,""selection_score"":0.8276895951759259,""npmi"":0.7938983833286125,""support_fraction"":1.0,""topic_diversity"":1.0,""reconstruction"":0.12606612340135614,""dominant_support"":[74,5,2,3,2,3]},{""k"":7,""selection_score"":0.8125070095048209,""npmi"":0.7082537051143396,""support_fraction"":1.0,""topic_diversity"":1.0,""reconstruction"":0.1390417898796864,""dominant_support"":[43,5,2,2,2,3,32]},{""k"":8,""selection_score"":0.802330619239653,""npmi"":0.6643131022799044,""support_fraction"":1.0,""topic_diversity"":0.984375,""reconstruction"":0.15061999189114728,""dominant_support"":[39,5,2,2,2,3,17,19]},{""k"":9,""selection_score"":0.7962018916515616,""npmi"":0.6102420424927053,""support_fraction"":1.0,""topic_diversity"":1.0,""reconstruction"":0.1610232210201371,""dominant_support"":[38,5,3,2,2,3,14,15,7]},{""k"":10,""selection_score"":0.7906149529686717,""npmi"":0.5869562479507342,""support_fraction"":1.0,""topic_diversity"":0.9875,""reconstruction"":0.17149135585683195,""dominant_support"":[12,4,2,2,2,2,11,10,12,32]},{""k"":11,""selection_score"":0.7909379795259139,""npmi"":0.5912983981399115,""support_fraction"":1.0,""topic_diversity"":0.9772727272727273,""reconstruction"":0.18149169628924133,""dominant_support"":[9,4,2,2,2,2,11,11,41,3,2]},{""k"":12,""selection_score"":0.7937842955195873,""npmi"":0.5848677491002158,""support_fraction"":1.0,""topic_diversity"":0.9895833333333334,""reconstruction"":0.19262719355251523,""dominant_support"":[6,4,2,2,2,2,10,11,6,35,4,5]},{""k"":13,""selection_score"":0.7921029567333557,""npmi"":0.5586693500458384,""support_fraction"":1.0,""topic_diversity"":1.0,""reconstruction"":0.20246057816125396,""dominant_support"":[2,4,2,2,2,2,9,5,6,32,10,5,8]},{""k"":14,""selection_score"":0.7753289536391107,""npmi"":0.512775636715035,""support_fraction"":1.0,""topic_diversity"":0.9553571428571429,""reconstruction"":0.2113493181645011,""dominant_support"":[19,4,2,2,2,3,7,9,2,16,4,7,7,5]}],""selected_k"":6,""project_count"":89,""opportunity_count"":187,""vocabulary_size"":1840}}",2026-09-04T06:34:12+00:00
